State,UnitID,InstitutionName,Control,TotalEnrollment,SFA1819,SFA1718_RV,SFA1617_RV,SFA1516_RV,SFA1415_RV,SFA1314_RV,SFA1213_RV,SFA1112_RV,SFA1011_RV,SFA0910_RV,EFIA2019,EFIA2018_RV,EFIA2017_RV,EFIA2016_RV,EFIA2015_RV,EFIA2014_RV,EFIA2013_RV,EFIA2012_RV,EFIA2011_RV,EFIA2010_RV,IC2019_AY,IC2018_AY,IC2017_AY,IC2016_AY,IC2015_AY,IC2014_AY,IC2013_AY,IC2012_AY,IC2011_AY_RV,IC2010_AY_RV,IC2009_AY_RV,PercentUndergradAid
OK,455929,Academy of Hair Design-Oklahoma City,3,65,5630,3510,3780,4966,4445,4071,4036,3868,2586,4452,65,80,85,85,62,46,54,45,70,98,,,,,,,,,,,,57
OK,449728,American Institute of Medical Technology,3,120,5063,6968,4817,5011,5799,5799,5429,5550,7935,6349,120,117,105,119,68,62,26,27,102,64,,,,,,,,,,,,57
OK,365213,Autry Technology Center,1,505,2022,2388,2389,2067,2373,2777,3126,2970,2842,2960,505,540,552,522,565,538,550,541,555,582,,,,,,,,,,,,40
OK,206817,Bacone College,2,231,19820,11013,11134,5359,4727,4009,3735,15762,14311,14207,231,826,899,792,887,892,988,1043,1050,972,14700,17700,17700,14850,14500,14050,14050,13510,12900,12300,11700,86
OK,207272,Beauty Technical College Inc,3,39,4700,4400,4100,4350,4669,4742,4129,4867,5000,6412,39,53,37,27,30,47,65,76,55,31,,,,,,,,,,,,95
OK,448424,Broken Arrow Beauty College,3,85,3747,3270,3724,1903,3290,7979,2123,3298,4917,5338,85,79,101,89,102,125,122,111,110,78,,,,,,,,,,,,57
OK,206880,Broken Arrow Beauty College-Broken Arrow,3,,,2281,3729,3302,7368,7945,3518,3404,4831,3411,,65,76,99,94,104,110,138,178,73,,,,,,,,,,,,
OK,364946,Caddo Kiowa Technology Center,1,270,3516,3604,3335,3503,3159,3327,3206,2842,3041,2547,270,339,277,260,237,214,204,204,254,495,,,,,,,,,,,,24
OK,206914,Cameron University,1,3130,6492,5864,5663,5814,5781,5563,5184,5016,5048,4998,3130,3270,3512,3733,3879,4141,4352,4631,4620,4458,6450,6450,6180,5970,5580,5340,5055,4770,4590,4336,4110,73
OK,365374,Canadian Valley Technology Center,1,1162,3794,2974,2984,2128,1964,2385,2362,2445,2855,2363,1162,1333,1081,1035,1063,1064,1256,892,915,1118,,,,,,,,,,,,27
OK,206923,Carl Albert State College,1,1360,4193,4811,4628,4869,5085,4495,4221,4862,5427,4995,1360,1476,1591,1713,1703,1921,2041,2136,2174,2037,3818,3687,3412,3160,3011,3003,2808,2664,2332,2216,2104,87
OK,206932,Central Oklahoma College,3,286,4743,4861,4033,4965,4067,4143,3624,6716,3139,3320,286,268,235,199,196,170,85,89,112,124,,,,,,,,,,,,71
OK,246017,Central Technology Center,1,647,2595,3799,3732,3824,3140,2844,2368,1653,4395,3222,647,204,319,239,182,202,209,784,828,815,,,,,,,,,,,,20
OK,375656,Chisholm Trail Technology Center,1,121,3580,2426,1931,2649,3647,4683,3288,3273,2532,2914,121,94,100,154,136,152,160,162,167,139,,,,,,,,,,,,13
OK,450401,Clary Sage College,2,563,4540,4669,4862,4036,3879,3821,3832,3904,3670,3897,563,566,630,637,406,355,350,342,370,407,,,,,,,,,,,,69
OK,480967,College of the Muscogee Nation,1,198,7428,6675,6928,3078,4267,1890,,,,,198,209,207,171,165,174,188,,,,6600,6600,6600,6600,6600,6501,6501,,,,,93
OK,439570,Community Care College,2,921,4975,5000,4897,4290,4429,4202,4248,4161,4112,4561,921,925,988,1071,703,733,754,802,1044,934,,,,,,,,,,,,74
OK,206996,Connors State College,1,1533,4815,4341,3961,4114,4352,4623,4642,6752,6836,6116,1533,1629,1732,1696,1722,1783,1773,1717,1986,1741,3624,3600,3512,3210,2990,3563,3352,2539,2287,2091,2091,81
OK,207041,East Central University,1,2619,6754,6256,7329,7213,7150,6506,6292,6219,6456,6475,2619,2750,2993,3770,3265,3361,3370,3513,3560,3349,7052,6810,6600,6279,5874,5599,5241,4957,4703,4482,4271,66
OK,418348,Eastern Oklahoma County Technology Center,1,297,3081,2301,2154,1722,1742,1921,1775,1651,2061,1798,297,300,318,318,287,280,247,308,226,298,,,,,,,,,,,,11
OK,207050,Eastern Oklahoma State College,1,1030,4784,5198,3701,5360,5094,3414,2939,2891,2400,2394,1030,1002,1129,1145,1166,1287,1415,1468,1559,1514,4572,4572,4572,4224,3947,3766,3528,3200,3200,3006,2856,81
OK,207087,Enid Beauty College,3,45,6591,5345,5509,5072,4333,4716,5486,5469,5076,5375,45,44,52,51,57,64,63,72,71,100,,,,,,,,,,,,69
OK,207102,Eves College of Hairstyling,3,151,4923,4159,4053,3346,4780,3462,4179,4227,4186,3661,151,158,150,148,110,109,102,126,75,149,,,,,,,,,,,,74
OK,443058,Family of Faith Christian University,2,10,4020,4567,4672,5299,6673,7118,9388,7102,6748,5374,10,20,24,14,20,19,18,17,26,31,6870,6570,6570,6220,6070,6120,5970,5610,5460,5310,5110,80
OK,208044,Formations Institute of Cosmetology & Barbering,3,22,6055,2616,4507,4595,3368,3532,3958,6687,4782,4760,22,41,53,26,57,51,53,40,36,10,,,,,,,,,,,,74
OK,245999,Francis Tuttle Technology Center,1,2585,2721,2742,2910,2781,3259,3033,2928,2921,2902,2769,2585,2439,2508,2479,2632,2333,2125,2759,2877,2392,,,,,,,,,,,,28
OK,375683,Gordon Cooper Technology Center,1,697,4475,4660,3786,4053,4084,3496,4076,3617,4071,5121,697,825,823,823,922,989,922,1050,1050,1370,,,,,,,,,,,,24
OK,364548,Great Plains Technology Center,1,242,2669,4461,3816,2911,2532,2703,2564,2924,3093,1934,242,287,394,338,346,389,399,415,394,405,,,,,,,,,,,,79
OK,428019,Green Country Technology Center,1,237,4085,3929,3704,3470,4373,4774,4308,4289,4890,4222,237,261,185,181,210,215,230,258,228,353,,,,,,,,,,,,17
OK,208053,High Plains Technology Center,1,232,4149,4107,3291,3783,2665,3525,3422,3619,4642,3459,232,103,141,134,263,235,202,211,238,254,,,,,,,,,,,,19
OK,418296,Indian Capital Technology Center-Muskogee,1,1291,5284,5261,4621,4411,4469,4431,3084,3719,4499,4166,1291,1292,792,754,646,545,553,543,452,1295,,,,,,,,,,,,23
OK,483276,JB's Hair Design and Barber College,3,47,4726,4591,4233,4037,4439,4775,,,,,47,60,51,48,44,32,,,,,,,,,,,,,,,,89
OK,207704,Jenks Beauty College,3,121,4201,3137,4238,3779,4710,4250,3592,3452,3845,3834,121,23,69,72,101,103,124,164,161,176,,,,,,,,,,,,76
OK,375726,Kiamichi Technology Center-McAlester,1,1782,5305,3449,4068,2435,3867,2258,3283,3825,3900,3555,1782,2024,262,294,302,361,329,374,277,295,,,,,,,,,,,,16
OK,207209,Langston University,1,1884,8224,7057,6934,5183,5326,5525,6501,6055,6054,5499,1884,1951,1943,1935,1828,1804,1753,2066,2035,2107,6421,6226,5936,5734,5042,4603,3815,4255,4112,3974,3827,82
OK,365480,Meridian Technology Center,1,641,4404,4360,2972,2653,3276,3327,3305,3713,4992,3682,641,580,577,580,586,584,592,564,501,538,,,,,,,,,,,,13
OK,363165,Metro Technology Centers,1,745,5282,4625,3772,3729,3689,3576,3642,3286,3791,3742,745,784,844,819,844,914,1061,1859,1893,1408,,,,,,,,,,,,15
OK,245953,Mid-America Christian University,2,1132,7767,7399,5987,6493,6346,6656,5276,2586,12088,13335,1132,1255,1411,1374,1583,1909,2224,1391,1316,849,18838,19604,17830,17132,16798,16230,15688,15092,14830,14080,13430,72
OK,418320,Mid-America Technology Center,1,612,4189,2951,3874,2685,2066,2336,2863,2928,3442,2948,612,687,688,716,671,623,768,665,502,498,,,,,,,,,,,,5
OK,431017,Mid-Del Technology Center,1,408,3172,3658,3058,2859,2501,3441,2710,2276,2557,2257,408,83,106,117,124,92,112,111,112,111,,,,,,,,,,,,27
OK,248606,Moore Norman Technology Center,1,957,4966,4638,2259,3507,3153,2774,2381,2369,3011,2325,957,675,825,779,757,705,687,655,702,644,,,,,,,,,,,,5
OK,207236,Murray State College,1,1439,4629,5577,5245,5116,4530,6689,7105,4071,4380,7321,1439,1525,1584,1558,1632,1592,1807,1896,2031,1924,6910,6010,5050,4638,4340,4148,4134,4036,3200,2990,2840,64
OK,466152,National American University-Tulsa,3,36,3535,3473,3306,3359,2424,2682,2776,2808,4222,,36,9,122,104,163,178,199,137,21,,,15000,15000,13755,13395,13071,12315,11919,12792,,,91
OK,420459,Northeast Technology Center-Afton,1,392,3809,3558,3764,3626,2614,3690,3584,3077,3647,6331,392,343,364,243,236,284,295,265,251,368,,,,,,,,,,,,10
OK,456560,Northeast Technology Center-Claremore,1,177,2346,2938,2350,2191,3501,4173,2277,1671,2027,4604,177,152,170,204,161,153,130,135,111,74,,,,,,,,,,,,9
OK,432074,Northeast Technology Center-Kansas,1,210,3752,3341,3162,3906,4127,4007,1614,2843,2831,2347,210,222,217,155,176,190,169,181,180,206,,,,,,,,,,,,18
OK,418339,Northeast Technology Center-Pryor,1,293,3281,2550,2545,2528,1584,707,2566,3055,2483,882,293,334,348,340,320,286,289,294,265,380,,,,,,,,,,,,7
OK,461087,Northeast Technology Center-System Office,1,,,,,,,,,,,,,,,,,,,,,,,,,,,,,,,,,
OK,207290,Northeastern Oklahoma A&M College,1,1616,6752,6375,6272,6560,6022,6151,5385,6411,6571,6710,1616,1719,1763,1760,1846,1979,2075,2162,2023,1852,4913,4758,4448,4178,3832,3772,3525,3194,3040,2778,2640,86
OK,207263,Northeastern State University,1,5426,7109,6962,6845,6718,6593,6537,6682,5292,5705,5808,5426,5482,5575,5694,5777,6016,6192,6572,6991,6763,6915,6650,6327,6207,5547,5285,4992,4857,4602,4385,4155,69
OK,207281,Northern Oklahoma College,1,2515,3205,3386,3484,3347,3268,3324,3487,3184,3244,2768,2515,2635,2889,3044,3079,3213,3414,3501,3793,3611,3480,4170,3865,3675,3454,3219,3019,2845,2670,2526,2303,49
OK,366623,Northwest Technology Center-Alva,1,204,2401,2481,3021,2436,3371,3549,3439,4263,2842,2643,204,115,113,127,144,95,92,76,58,29,,,,,,,,,,,,12
OK,407601,Northwest Technology Center-Fairview,1,,,1999,4491,2566,3227,3480,3590,4502,3508,3300,,79,75,87,85,85,87,58,45,24,,,,,,,,,,,,
OK,207306,Northwestern Oklahoma State University,1,1562,5460,4625,4486,4642,4428,4117,4816,4814,4543,3994,1562,1471,1559,1550,1701,1662,1696,1685,1592,1746,8018,7471,7066,6690,6112,5843,5642,5347,4968,4479,4247,87
OK,207403,Oklahoma Baptist University,2,1777,20719,19632,19393,17834,6248,12678,11659,18802,13028,14084,1777,1864,1853,1819,1794,1908,1781,1638,1575,1476,30044,28258,26840,25310,24000,22800,21842,20796,19756,18608,17562,95
OK,207324,Oklahoma Christian University,2,1800,14712,14186,13334,12908,12545,11945,12041,15443,10622,10196,1800,1890,1874,1916,1934,1938,1821,1705,1725,1833,23850,22760,21670,20840,19890,19120,18800,18800,18456,17456,16366,94
OK,207449,Oklahoma City Community College,1,7407,2406,3436,3057,4039,4052,4428,2184,4398,4435,4247,7407,7731,8077,8477,8516,8526,8904,9613,9789,9323,4059,4059,3909,3727,3391,3241,3091,2974,2850,2659,2521,73
OK,207458,Oklahoma City University,2,1719,19070,18724,17506,17574,17783,14285,14495,15541,15515,15848,1719,1668,1747,1759,1778,1913,2012,2232,2290,2119,32594,31026,30726,30726,30726,30726,29426,27500,27500,25760,23950,91
OK,207351,Oklahoma Panhandle State University,1,1064,4946,5021,4114,4606,4544,4596,4465,6407,4408,3702,1064,985,983,1041,1090,1156,1365,1267,1248,1184,7264,7930,6196,7294,7461,7137,6739,6390,5704,4894,4241,44
OK,207315,Oklahoma State University Center for Health Sciences,1,,,,,,,,,,,,,,,,,,,,,,,,,,,,,,,,,
OK,207564,Oklahoma State University Institute of Technology,1,2338,5256,5722,4906,3336,8932,9789,5185,2692,4987,2746,2338,2401,2353,2580,3011,3218,3243,3267,3152,3300,5550,5550,5250,5100,4860,4605,4395,4215,4050,3795,3705,84
OK,207388,Oklahoma State University-Main Campus,1,18975,9444,9190,8761,8143,7874,7589,7417,7115,7172,6784,18975,19343,19428,19497,19315,18894,18433,17488,18344,16237,9019,9019,8738,8321,7778,7442,7442,7442,7107,6779,6202,74
OK,207397,Oklahoma State University-Oklahoma City,1,3451,3789,1945,3261,2842,6077,8033,6582,6336,3139,7590,3451,3694,3832,3789,4084,4623,4784,4809,4882,4699,5034,4498,3836,3634,2859,2859,2661,2661,2559,2419,2336,48
OK,469629,Oklahoma Technical College,2,238,7279,8312,6713,5200,6064,4910,4838,5150,5138,,238,257,288,328,210,220,194,167,132,,,,,,,,,,,,,76
OK,206835,Oklahoma Wesleyan University,2,813,11654,11650,11133,10594,8578,9657,8469,8772,9058,7849,813,966,983,1272,614,1047,959,935,965,914,27996,27136,26090,25070,24108,23180,22252,21140,20160,19200,17970,96
OK,207582,Oral Roberts University,2,3170,17344,16118,15592,14388,14470,13610,13234,12482,11793,11467,3170,3003,3078,3017,2848,2469,2919,2624,2749,2750,30070,27728,26792,25676,24792,23410,22508,21576,20756,20054,19106,82
OK,483665,Paul Mitchell the School-Ardmore,3,35,5138,5280,6173,5453,3965,3403,,,,,35,47,60,59,63,8,,,,,,,,,,,,,,,,64
OK,486567,Paul Mitchell the School-Tulsa,3,212,4828,4210,4068,4042,3873,,,,,,212,230,216,209,116,,,,,,,,,,,,,,,,,56
OK,414966,Phillips Theological Seminary,2,,,,,,,,,,,,,,,,,,,,,,,,,,,,,,,,,
OK,364627,Pioneer Technology Center,1,289,2319,3164,3490,3848,4154,4254,3589,2514,3173,2731,289,449,346,345,356,328,322,247,247,271,,,,,,,,,,,,33
OK,245962,Platt College,3,238,4306,4217,5471,5736,4965,3775,5990,4164,9738,5162,238,252,373,268,258,338,727,918,1038,997,,,,,,,,,,,,75
OK,428143,Platt College-Lawton,3,174,4694,4312,5738,5346,5359,3211,6534,5531,4163,5012,174,171,210,189,136,134,346,255,257,215,,,,,,,,,,,,64
OK,447379,Platt College-Moore,3,331,4760,4175,5772,5557,5123,3539,6305,5563,3544,5583,331,264,309,229,124,160,348,249,200,198,,,,,,,,,,,,70
OK,445258,Platt College-OKC-Memorial,3,266,4108,4181,5534,5955,10888,4138,5970,11580,3768,5974,266,234,240,266,186,200,390,386,391,394,,,,,,,,,,,,73
OK,245980,Ponca City Beauty College,3,41,6612,4705,4750,3901,5775,5378,4816,4285,5357,5179,41,42,61,70,74,55,45,79,51,47,,,,,,,,,,,,68
OK,206905,Pontotoc Technology Center,1,118,6679,7146,5716,4770,3671,3461,3113,4885,4196,4076,118,119,138,135,113,95,77,55,356,314,,,,,,,,,,,,51
OK,493691,Premier Academy of Cosmetology,3,7,2500,,,,,,,,,,7,,,,,,,,,,,,,,,,,,,,,56
OK,436067,Pryor Beauty College,3,,,,4850,4450,4803,4734,3947,5000,5000,6483,,,42,51,52,77,94,123,66,64,,,,,,,,,,,,
OK,207157,Randall University,2,288,10809,9949,9089,8689,8072,6365,7779,7581,7043,5189,288,256,269,283,187,170,187,194,191,203,15920,15108,13640,13040,12340,11980,11600,10926,10640,10600,9900,95
OK,250993,Red River Technology Center,1,252,4481,3607,4046,3585,3395,2917,3545,3346,3273,3146,252,303,266,270,273,295,410,76,87,154,,,,,,,,,,,,18
OK,207069,Redlands Community College,1,1101,4338,3423,3135,3251,3609,3298,3710,3622,3855,3190,1101,1162,1274,1290,1333,1431,1466,1573,1653,1550,5360,5300,4962,4154,3882,3701,3495,3330,3180,3030,2903,77
OK,483717,River Valley Cosmetology Institute,3,40,4931,5158,4272,4607,4404,3998,,,,,40,51,45,46,69,53,,,,,,,,,,,,,,,,35
OK,207661,Rogers State University,1,2675,6106,6042,5704,4736,4391,5110,4945,5034,4852,4661,2675,2752,2858,2971,2920,3169,3482,3554,3372,3232,7470,7200,6870,6540,6009,5725,5349,5047,4777,4513,4277,69
OK,207670,Rose State College,1,4190,2577,3653,3483,3385,3110,2953,3017,3163,2938,3255,4190,4415,4333,4264,4304,4446,4896,5258,5648,5328,4531,4319,4124,3808,3375,3225,3104,2955,2835,2660,2490,76
OK,207740,Seminole State College,1,1152,5353,6084,4481,4521,6206,2397,5719,3493,4457,3947,1152,1183,1147,1229,1323,1309,1408,1517,1551,1707,5190,5040,4440,4140,3808,3630,3425,3330,3231,3000,2848,75
OK,439932,Shawnee Beauty College,3,53,5797,5029,4800,5011,4764,4750,4631,5105,5000,5882,53,24,27,29,28,37,45,43,34,37,,,,,,,,,,,,70
OK,207847,Southeastern Oklahoma State University,1,2616,8248,7911,7728,7500,7162,6756,6830,6467,6885,6215,2616,2544,2659,2721,2923,2957,3094,3235,3259,3278,6750,6750,6750,6450,5975,5688,5315,5060,4904,4652,4416,84
OK,206862,Southern Nazarene University,2,1413,15232,15059,21874,9920,13335,10772,14348,11286,8508,8864,1413,1406,1349,1570,1562,1638,1618,1532,1469,1655,25416,25234,25178,24468,23320,22690,22044,21174,19794,18354,17664,55
OK,365198,Southern Oklahoma Technology Center,1,435,3864,3456,2870,2936,3082,3482,4166,4487,4281,3301,435,471,530,531,503,574,467,457,452,539,,,,,,,,,,,,15
OK,207786,Southern School of Beauty Inc,3,21,6195,6095,5920,7095,5775,5730,5474,6500,5550,5550,21,21,21,23,21,31,31,28,27,26,,,,,,,,,,,,100
OK,368364,Southwest Technology Center,1,172,4051,4338,3250,2700,2611,3262,2864,3081,2376,3936,172,174,130,167,176,118,211,228,258,193,,,,,,,,,,,,26
OK,207856,Southwestern Christian University,2,435,9382,9105,8498,7696,16720,6553,3790,12690,6178,11949,435,531,609,626,632,650,333,248,322,203,16330,15080,13880,13080,12830,12470,14220,14025,12350,10700,10700,91
OK,207865,Southwestern Oklahoma State University,1,3787,7477,7218,7190,6983,6846,6577,6469,6072,6136,5798,3787,3958,3976,3828,3709,3647,3758,3873,3904,3780,7695,7335,7005,6690,6090,5820,5460,5175,4800,4335,4110,73
OK,207254,Spartan College of Aeronautics and Technology,3,1203,6825,16593,11966,4125,3450,3884,8030,4865,4008,3833,1203,1360,1337,830,825,1064,1208,1222,1658,1371,20531,17702,17975,16395,16395,16395,15915,15450,15000,15000,14570,53
OK,488828,Totally Cosmo School of Modern Cosmetology,3,38,4289,4361,4359,,,,,,,,38,37,31,,,,,,,,,,,,,,,,,,,74
OK,207935,Tulsa Community College,1,9848,4042,3811,3732,3515,3598,5426,5567,4100,3655,2696,9848,10071,10246,10602,11053,11606,12480,13141,13443,13243,3445,3349,3221,3071,2900,2820,2606,2546,2450,2313,2204,65
OK,488934,Tulsa Technology Center,1,3176,3425,3358,2420,3348,,,,,,,3176,2819,2742,2675,,,,,,,,,,,,,,,,,,24
OK,207962,Tulsa Welding School-Tulsa,3,921,5272,5058,4436,4103,4534,4513,3986,3763,3857,4267,921,846,953,1076,1082,1237,1019,1125,1147,1074,,,,,,,,,,,,87
OK,206941,University of Central Oklahoma,1,11248,8392,6582,5728,5995,6022,5807,5440,5199,4976,4636,11248,11629,11903,12103,12095,10200,12520,12370,12293,11632,7753,7489,7100,6699,6096,5806,5437,5092,4718,4456,4223,66
OK,207342,University of Oklahoma-Health Sciences Center,1,879,4961,5709,4040,4244,4164,4876,3564,3171,3104,2203,879,907,951,962,966,970,1026,1055,1220,1468,,,,,,,,,,,,40
OK,207500,University of Oklahoma-Norman Campus,1,20292,9098,9154,8679,8422,8079,7415,7164,6858,7160,6726,20292,20355,20285,19505,19219,18838,18770,18367,17777,17709,11763,11538,11538,10881,10090,9495,8916,8706,8325,7864,7483,71
OK,207722,University of Science and Arts of Oklahoma,1,691,10973,10086,9925,8513,8239,7659,7374,9776,7340,7143,691,830,834,831,876,901,974,1002,1018,1048,8040,7200,7200,7200,6270,6270,4866,4320,3744,3744,3552,88
OK,207971,University of Tulsa,2,3297,32003,30065,24802,21994,21929,21976,20141,19642,18865,17534,3297,3343,3449,3528,3512,3475,3183,3055,3112,3034,42723,41509,41509,41509,39521,35855,34835,33095,31551,28735,27237,93
OK,208017,Virgil's Beauty College,3,28,,5500,4923,4596,4467,4798,3938,4700,3542,4372,28,23,33,27,26,46,49,55,39,58,,,,,,,,,,,,
OK,418357,Wes Watkins Technology Center,1,53,4212,5002,4316,3913,3935,3969,3586,3928,4072,4280,53,51,50,64,121,98,176,188,202,276,,,,,,,,,,,,91
OK,208035,Western Oklahoma State College,1,848,4723,4542,4293,3684,3912,3981,1503,1660,1899,2235,848,898,945,931,956,1019,2054,2062,2025,1701,4662,4662,3878,3561,3196,3096,3000,3097,2964,2750,2750,82
OK,418302,Western Technology Center,1,269,4849,2032,3299,2958,4274,3462,3858,3273,3871,3686,269,355,383,393,398,382,390,418,482,367,,,,,,,,,,,,21
OK,413820,Yukon Beauty College Inc,3,28,4180,8015,3948,3775,7102,3693,3999,3415,3843,7528,28,19,20,35,33,27,20,34,40,41,,,,,,,,,,,,50
TX,,ABC Beauty Academy,3,33,,,,,,,,,,,,,,,,,,,,,,,,,,,,,,,,68
TX,,Abilene Christian University,2,3538,11237,10784,11822,11640,10456,9000,9782,9519,12056,10777,,,,,,,,,,,34850,33330,32070,30830,29450,28350,26770,25270,22760,20290,,100
TX,,Academy of Hair Design-Beaumont,3,57,5222,6484,6482,9017,10575,10575,,,,,,,,,,,,,,,,,,,,,,,,,,100
TX,,Academy of Hair Design-Jasper,3,42,5738,5732,5719,7513,7232,6250,,,,,,,,,,,,,,,,,,,,,,,,,,100
TX,,Academy of Hair Design-Lufkin,3,84,5688,5467,5470,4763,5472,5546,,,,,,,,,,,,,,,,,,,,,,,,,,80
TX,,Advanced Barber College and Hair Design,3,165,,,,,,,,,,,,,,,,,,,,,,,,,,,,,,,,83
TX,,Advanced Beauty College,3,44,,,,,,,,,,,,,,,,,,,,,,,,,,,,,,,,100
TX,,Alamo City Barber College,3,157,7630,7968,9216,9764,7472,3341,,,,,,,,,,,,,,,,,,,,,,,,,,94
TX,,Alamo Community College District Central Office,1,,,,,,,,,,,,,,,,,,,,,,,,,,,,,,,,,
TX,,Allgood Beauty Institute,3,8,4060,5025,,,,,,,,,,,,,,,,,,,,,,,,,,,,,,100
TX,,Altierus Career College-Bissonnet,2,383,5540,6724,6253,6818,7644,11423,11571,11829,11141,8943,,,,,,,,,,,,,,,,,,,,,,87
TX,,Alvin Community College,1,5573,3290,3298,3308,3031,1301,3132,2798,1969,2788,3163,,,,,,,,,,,1680,1622,1562,1514,1510,1510,1432,1432,1220,1114,,55
TX,,Amarillo College,1,9854,5657,5364,5660,5295,4942,4787,5157,5103,4907,4616,,,,,,,,,,,2136,2136,2010,2010,1914,1914,1842,1674,1506,1410,,72
TX,,Amberton University,2,189,,,,,,,,,,,,,,,,,,,,,,,,,,,,,,,,
TX,,American College of Acupuncture and Oriental Med,3,0,,,,,,,,,,,,,,,,,,,,,,,,,,,,,,,,
TX,,American InterContinental University-Houston,3,257,7082,6402,5480,7089,8094,8139,8808,8477,7146,10458,,,,,,,,,,,14640,14640,14553,14634,14638,14675,14674,14070,15015,14760,,67
TX,,Angelina College,1,4919,,,,,,,,,,501,,,,,,,,,,,2640,2520,2370,2310,2130,2040,1860,1800,1560,1410,,91
TX,,Angelo State University,1,8672,5901,5574,5461,5697,5797,5723,5920,5629,5260,5690,,,,,,,,,,,7436,7201,7047,6892,6856,6559,6327,6211,5672,5202,,94
TX,,Ann Webb Skin Institute,3,134,5881,6878,,,,,,,,,,,,,,,,,,,,,,,,,,,,,,47
TX,,AOMA Graduate School of Integrative Medicine,3,0,,,,,,,,,,,,,,,,,,,,,,,,,,,,,,,,
TX,,Arizona College-Dallas,3,,,,,,,,,,,,,,,,,,,,,,,,,,,,,,,,,
TX,,Arlington Baptist University,2,161,5787,8492,6703,6424,5907,6948,7592,6980,5128,4383,,,,,,,,,,,13690,13600,11500,11000,9000,8840,7640,7540,7340,7340,,97
TX,,Arlington Career Institute,3,330,5734,5779,5950,6345,6979,7929,8533,8417,8457,8441,,,,,,,,,,,,,,,,,,,,,,63
TX,,Astrodome Career Centers,3,133,3111,2894,3167,3167,3034,3167,3167,2967,3066,3167,,,,,,,,,,,,,,,,,,,,,,64
TX,,Auguste Escoffier School of Culinary Arts-Austin,3,506,10567,12391,12915,9773,10833,11470,10931,9544,8858,6605,,,,,,,,,,,,,,,,,,,,,,70
TX,,Austin College,2,1277,7994,7934,8111,8167,8117,7748,8589,8265,8044,7290,,,,,,,,,,,39960,38800,37315,36230,33840,33830,32850,31270,29235,27850,,100
TX,,Austin Community College District,1,40799,6049,5411,3951,3881,3930,4195,4158,4873,3984,4899,,,,,,,,,,,2550,2550,2550,2550,2550,2490,2340,2115,1740,1623,,57
TX,,Austin Graduate School of Theology,2,26,,,,,,,,,,,,,,,,,,,,,,,,,,,,,,,,
TX,,Austin Presbyterian Theological Seminary,2,0,,,,,,,,,,,,,,,,,,,,,,,,,,,,,,,,
TX,,Aveda Arts & Sciences Institute-San Antonio,3,237,8937,5852,5964,6583,7020,7801,8166,10256,10500,9363,,,,,,,,,,,,,,,,,,,,,,96
TX,,Avenue Five Institute,3,297,7086,7002,7461,7842,8937,9164,9946,9901,9163,8843,,,,,,,,,,,,,,,,,,,,,,73
TX,,Avenue Five Institute-South Austin Campus,3,,6722,,,,,,,,,,,,,,,,,,,,,,,,,,,,,,,94
TX,,Aviation Institute of Maintenance-Dallas,3,481,7526,7248,11996,11421,10913,8134,10114,16575,9752,3736,,,,,,,,,,,16757,16757,16757,17997,17997,18007,18007,13447,13447,,,75
TX,,Aviation Institute of Maintenance-Houston,3,313,6840,9501,11965,11194,10215,8582,10165,15836,3417,8682,,,,,,,,,,,16757,16757,16757,17997,17997,18007,18007,13447,13447,,,100
TX,,Bakke Graduate University,2,0,,,,,,,,,,,,,,,,,,,,,,,,,,,,,,,,
TX,,Baldwin Beauty School-North Austin,3,104,4751,5344,4970,4903,5430,,,,,,,,,,,,,,,,,,,,,,,,,,,66
TX,,Baldwin Beauty School-South Austin,3,76,4748,4739,5395,6029,5067,,,,,,,,,,,,,,,,,,,,,,,,,,,53
TX,,Baptist Health System School of Health Professions,3,644,,,,,,,,,,3267,,,,,,,,,,,,,,1488,,,,,6692,7476,,
TX,,Baptist Missionary Association Theological Seminary,2,60,,,,,,,,3286,,,,,,,,,,,,,6900,6000,5800,5700,5100,4500,4500,3800,3800,3310,,
TX,,Baptist University of the Americas,2,154,,5444,3464,2656,3810,2722,,6725,3940,2796,,,,,,,,,,,6240,6240,6240,7200,7200,7200,6600,6600,6000,4600,,89
TX,,Barber Institute of Texas,3,6,5753,5500,5500,8411,8700,8833,,,,,,,,,,,,,,,,,,,,,,,,,,100
TX,,Baylor College of Medicine,2,0,,,,,,,,,,,,,,,,,,,,,,,,,,,,,,,,
TX,,Baylor University,2,14188,13069,11254,11363,12264,11926,11753,12579,9633,7794,9627,,,,,,,,,,,45542,43790,42006,40198,38120,35972,33716,31658,29884,28070,,95
TX,,Bella Cosmetology College,3,89,6493,5434,6668,4155,,,,,,,,,,,,,,,,,,,,,,,,,,,,80
TX,,BK Cosmo College of Cosmetology,3,17,9500,5613,7237,6472,,,,,,,,,,,,,,,,,,,,,,,,,,,,67
TX,,Blinn College,1,19931,5720,5450,5448,3097,3311,6224,2202,2144,4342,3742,,,,,,,,,,,2832,2688,2424,2256,2136,2464,1824,1728,1560,1512,,64
TX,,Brazosport College,1,4311,2317,1880,2932,2928,1732,3348,2971,3309,3156,2678,,,,,,,,,,,2715,2715,2385,2385,2295,2295,2295,1977,1692,1542,,57
TX,,Brite Divinity School,2,0,,,,,,,,,,,,,,,,,,,,,,,,,,,,,,,,
TX,,Brookhaven College,1,13726,3998,5562,4391,5847,5013,4904,5730,5430,5606,5087,,,,,,,,,,,1770,1770,1770,1770,1665,1560,1350,1350,1230,1230,,52
TX,,Buckner Barber School,3,20,,,7299,,,,9500,8613,8258,,,,,,,,,,,,,,,,,,,,,,,100
TX,,Careers Institute of America,3,,3761,,,,,,,,,,,,,,,,,,,,,,,,,,,,,,,95
TX,,Carrington College-Mesquite,3,40,8406,9283,13110,7108,7697,8159,8327,2663,,,,,,,,,,,,,,,,,,,,,,,,100
TX,,CCI Training Center-Arlington,3,217,7314,7303,7058,7222,6389,7097,7211,6726,6523,4620,,,,,,,,,,,,,,,,,,,,,,100
TX,,Cedar Valley College,1,8030,5554,5592,5144,5447,5228,4408,5635,4828,3986,5139,,,,,,,,,,,1770,1770,1770,1770,1665,1560,1350,1350,1230,1230,,84
TX,,Center for Advanced Legal Studies,3,211,4392,4308,3426,5654,7071,6470,6642,7359,7051,6816,,,,,,,,,,,,,,,,,,,,,,79
TX,,Central Texas Beauty College-Round Rock,3,156,,,,,,,,,,,,,,,,,,,,,,,,,,,,,,,,84
TX,,Central Texas Beauty College-Temple,3,132,,,,,,,,,,,,,,,,,,,,,,,,,,,,,,,,92
TX,,Central Texas College,1,16073,4339,5204,2929,2514,2850,3956,3797,3627,4368,4170,,,,,,,,,,,2700,2700,2280,2280,2130,1890,1890,1770,1920,1680,,72
TX,,CET-El Paso,2,51,6652,7304,7184,7082,6700,6187,6306,6114,5766,3585,,,,,,,,,,,,,,,,,,,,,,70
TX,,Chamberlain University-Texas,3,823,7750,7500,9667,5500,9500,,,7986,,,,,,,,,,,,,19375,19375,19230,18000,17280,17280,16960,16100,,,,100
TX,,Champion Beauty College,3,56,9533,9520,9034,9470,8867,8733,9521,9500,5750,5583,,,,,,,,,,,,,,,,,,,,,,81
TX,,Charles and Sues School of Hair Design,3,21,8028,8147,8235,7417,8128,5846,7431,7870,7944,9500,,,,,,,,,,,,,,,,,,,,,,100
TX,,Chicago School of Professional Psychology at Dallas,2,0,,,,,,,,,,,,,,,,,,,,,,,,,,,,,,,,
TX,,Christ Mission College,2,,,,,,,,,,,,,,,,,,,,,,,,,,,,,,,,,0
TX,,Cisco College,1,3374,4474,4428,4506,4559,4155,4714,4408,4557,4577,4894,,,,,,,,,,,3810,3810,3810,3510,3360,3060,2280,2088,2088,2028,,88
TX,,Clarendon College,1,1844,4527,4527,4059,5414,4907,4272,2519,6353,4117,4990,,,,,,,,,,,2712,2424,2424,2424,2184,2184,2184,2040,1992,1896,,88
TX,,Coastal Bend College,1,4614,4729,3058,2929,2965,2746,6450,4969,4630,4812,5433,,,,,,,,,,,2646,2646,2646,3576,2646,2752,2696,2600,2400,2310,,72
TX,,College of Biblical Studies,2,157,,5607,7292,5855,6240,6646,5780,6039,9745,7639,,,,,,,,,,,12400,12400,12400,12400,12400,12350,12350,12220,12220,12220,,
TX,,College of Biblical Studies-Houston,2,376,3630,,,2777,2483,5278,5392,4964,1245,869,,,,,,,,,,,6955,6946,6946,6946,6946,9801,9468,9396,8784,4560,,67
TX,,College of the Mainland,1,4673,3630,3965,3740,3329,4658,4858,4285,3544,3303,1900,,,,,,,,,,,1773,1773,1773,1773,1773,1494,1494,1374,1007,959,,58
TX,,Collin County Community College District,1,33668,3313,3042,4561,4611,4503,4921,5182,4896,4978,5064,,,,,,,,,,,1504,1384,1264,1174,1174,1144,1024,1024,1024,1069,,37
TX,,Commonwealth Institute of Funeral Service,2,205,1297,6706,9124,9124,7373,10875,9026,7734,8197,8223,,,,,,,,,,,13363,12495,12495,12495,10904,10904,10904,10904,10320,10320,,88
TX,,Concorde Career College-Dallas,3,701,8154,8214,7186,8222,8225,8221,8212,8210,9024,9580,,,,,,,,,,,,,,,,,,,,,,91
TX,,Concorde Career College-Grand Prairie,3,835,6054,6524,6066,9138,9142,9140,7803,7797,10549,11091,,,,,,,,,,,,,,,,,,,,,,91
TX,,Concorde Career College-San Antonio,3,676,7571,7655,6717,9252,9243,9242,9247,9231,7738,6948,,,,,,,,,,,,,,,,,,,,,,85
TX,,Concordia University Texas,2,1746,6750,6564,6335,6220,7581,7002,6615,5971,6170,8537,,,,,,,,,,,31810,30600,29260,28160,26960,25880,23600,22920,21700,21200,,100
TX,,Cortiva Institute-Arlington,3,162,5908,6528,6492,5803,5406,,,,,,,,,,,,,,,,,,,,,,,,,,,100
TX,,Cortiva Institute-Dallas,3,210,,6977,6666,7084,7147,7120,7173,6337,,,,,,,,,,,,,,,,,,,,,,,,
TX,,Cortiva Institute-Houston,3,199,,6356,6320,6051,6555,6244,6336,,,,,,,,,,,,,,,,,,,,,,,,,
TX,,Cosmetology Academy of Texarkana,3,67,8227,7845,7668,8118,7913,7691,,,,,,,,,,,,,,,,,,,,,,,,,,98
TX,,Cosmetology Career Center LLC,3,352,8090,6427,7517,8648,9491,10389,9574,7965,7648,8305,,,,,,,,,,,,,,,,,,,,,,78
TX,,Covenant School of Nursing and Allied Health,2,350,,,,,,,,,,,,,,,,,,,,,,,,4675,4675,,,,,,,
TX,,Criswell College,2,179,5061,5019,4443,4250,5273,6300,3786,,,,,,,,,,,,,,10710,9858,8950,8230,7870,7126,6934,,,,,100
TX,,Culinary Institute Inc,3,339,8788,7453,4969,10300,8597,15339,11520,11364,9526,9500,,,,,,,,,,,15938,15938,15938,15938,15828,16052,16052,16975,,,,74
TX,,CyberTex Institute of Technology,3,217,7911,8658,8146,9281,7831,8974,13599,,,,,,,,,,,,,,,,,,,,,,,,,93
TX,,Dallas Baptist University,2,3014,11323,11713,12287,11630,10112,11584,10320,10975,8733,9044,,,,,,,,,,,28870,27480,26180,24890,23650,22350,21110,19900,18690,17490,,97
TX,,Dallas Barber & Stylist College,3,134,,,,,,,,,,3065,,,,,,,,,,,,,,,,,,,,,,100
TX,,Dallas Christian College,2,212,3660,3526,5633,3826,8119,7010,10913,11028,12218,8336,,,,,,,,,,,18734,18734,17454,16536,15492,14688,13820,13148,12188,11548,,100
TX,,Dallas County Community College District,1,,,,,,,,,,,,,,,,,,,,,,,,,,,,,,,,,
TX,,Dallas Institute of Funeral Service,2,187,5029,4282,10345,6280,3979,7113,5420,5392,4410,5099,,,,,,,,,,,11870,11870,11170,11150,10500,10500,9000,12000,12000,12000,,77
TX,,Dallas Nursing Institute,2,225,7390,10032,8832,7828,6252,9464,5962,12517,9953,8114,,,,,,,,,,,,,,,,,,,,,,100
TX,,Dallas Theological Seminary,2,0,,,,,,,,,,,,,,,,,,,,,,,,,,,,,,,,
TX,,Del Mar College,1,11867,2913,3220,3253,3098,2937,3287,3070,3157,2876,2924,,,,,,,,,,,2729,2676,2546,2546,2546,2520,2386,2308,1978,1746,,73
TX,,Deluxe Barber College,3,,4750,,,,,,,,,,,,,,,,,,,,,,,,,,,,,,,10
TX,,DeVry University-Texas,3,482,8010,8422,7385,8226,9398,8163,8378,,,,,,,,,,,,,,17724,17540,19948,19568,16888,16010,,,,,,100
TX,,Diamonds Cosmetology College,3,57,6482,6968,5635,6227,4469,5829,4472,7897,4558,,,,,,,,,,,,,,,,,,,,,,,93
TX,,DuVall's School of Cosmetology,3,56,6485,8468,13256,9525,8050,7574,8597,6604,5801,8501,,,,,,,,,,,,,,,,,,,,,,75
TX,,East Texas Baptist University,2,1485,8733,8047,7179,7071,7551,6753,7003,6781,5703,6499,,,,,,,,,,,26370,25470,24700,24218,23280,22590,21530,20500,19550,17180,,99
TX,,Eastfield College,1,16769,4768,5561,1633,5748,5217,4280,5552,5938,5921,5229,,,,,,,,,,,1770,1770,1770,1770,1665,1560,1350,1350,1230,1230,,63
TX,,El Centro College,1,11729,5247,,5710,6598,4908,4699,5819,5827,6315,5997,,,,,,,,,,,1770,1770,1770,1770,1665,1560,1350,1350,1230,1230,,74
TX,,El Paso Community College,1,28819,3919,3591,4116,3880,4145,3915,3814,3140,4242,3975,,,,,,,,,,,3010,2746,2746,2386,2094,2094,1966,1870,1690,1690,,85
TX,,Episcopal Theological Seminary of the Southwest,2,0,,,,,,,,,,,,,,,,,,,,,,,,,,,,,,,,
TX,,Exposito School of Hair Design,3,37,5503,4698,3370,5796,3715,3624,4025,2664,9849,4321,,,,,,,,,,,,,,,,,,,,,,89
TX,,Florida Career College-Houston Campus,3,394,7232,7083,7332,10469,8017,,,,,,,,,,,,,,,,,,,,,,,,,,,98
TX,,Fort Worth Beauty School,3,67,4857,4121,5269,6825,4477,4430,4954,2105,3093,1549,,,,,,,,,,,,,,,,,,,,,,82
TX,,Fortis College,3,309,8166,6706,7954,10028,9179,9703,8562,9580,9021,7982,,,,,,,,,,,,,,,,,,,,,,76
TX,,Fortis College-Grand Prairie,3,63,,5496,9700,10837,6309,9961,9998,9575,8082,7387,,,,,,,,,,,,,,,,,,,20639,,,
TX,,Fortis Institute,3,331,8034,6992,9348,9955,9818,9081,9363,7681,8028,6082,,,,,,,,,,,,,,,,,,,,,,77
TX,,Frank Phillips College,1,1484,3134,3870,3304,4181,4570,3850,3453,3893,3243,4262,,,,,,,,,,,3308,3052,3052,3052,2800,2800,2560,2560,2560,2386,,80
TX,,GA Beauty & Barber School,3,116,2104,,,,,,,,,,,,,,,,,,,,,,,,,,,,,,,58
TX,,Galen College of Nursing-San Antonio,3,1510,6596,6597,5586,5562,5610,6723,6228,8351,7468,7488,,,,,,,,,,,,,,,,,,,,,,87
TX,,Galveston College,1,2429,5887,4539,4377,4004,4875,5330,4135,4386,4288,3079,,,,,,,,,,,2050,2050,2050,1900,1900,1900,1900,1900,1414,1414,,69
TX,,Gemini School of Visual Arts & Communication,3,15,5500,,5500,3750,8167,2750,5500,,,,,,,,,,,,,,,,,,,,,,,,,100
TX,,Grace School of Theology,2,237,,,,,,,,,,,,,,,,,,,,,5280,5280,5280,4754,4754,4754,,,,,,100
TX,,Grayson College,1,4372,6139,2894,4050,4654,4433,4018,4216,3394,4061,4677,,,,,,,,,,,2040,1992,1956,1872,1632,1632,1460,1248,1128,1080,,79
TX,,Guidance College,2,,,,,,,,,,,,,,,,,,,,,,,,,,,,,,,,,
TX,,Hallmark University,2,810,9620,8445,6852,7189,8199,8442,8247,10177,11249,9546,,,,,,,,,,,,,,,,,,,,,,73
TX,,Hands on Therapy,3,43,6838,7337,7235,7834,7885,7746,7838,6688,7917,8170,,,,,,,,,,,,,,,,,,,,,,100
TX,,Hardin-Simmons University,2,1762,7366,7530,8988,8867,8778,9667,6471,6187,5917,6983,,,,,,,,,,,28990,27440,25830,24500,22350,23460,22560,22460,20990,19790,,100
TX,,Hill College,1,4447,4471,4521,4573,4392,4447,5371,5185,5083,4480,5483,,,,,,,,,,,2382,1995,1995,2220,2150,2070,1980,1980,1830,1680,,85
TX,,Houston Baptist University,2,2321,6274,6705,6998,6409,7513,6962,6965,6400,6498,6989,,,,,,,,,,,32530,31730,30800,29800,28800,27930,26795,25445,23180,20830,,100
TX,,Houston Barber School,3,,6850,,,,,,,,,,,,,,,,,,,,,,,,,,,,,,,28
TX,,Houston Community College,1,57200,5732,5397,5230,5313,5451,5889,6429,4744,6704,3933,,,,,,,,,,,1632,1632,1632,1632,1630,1630,1627,1625,1394,1392,,63
TX,,Houston Graduate School of Theology,2,0,,,,,,,,,,,,,,,,,,,,,,,,,,,,,,,,
TX,,Houston International College Cardiotech Ultrasound School,3,67,3659,4253,3782,4907,6838,4404,8440,7733,6955,6416,,,,,,,,,,,11200,10713,10233,10233,10233,,,,,,,100
TX,,Houston School of Carpentry,3,,8231,,,,,,,,,,,,,,,,,,,,,,,,,,,,,,,99
TX,,Houston Training School-Gulfgate,3,144,,,,,,,,,,,,,,,,,,,,,,,,,,,,,,,,96
TX,,Houston Training School-Main Campus,3,115,,,,,,,,,,,,,,,,,,,,,,,,,,,,,,,,95
TX,,Houston Training Schools-Gessner,3,114,,,,,,,,,,,,,,,,,,,,,,,,,,,,,,,,91
TX,,Howard College,1,4485,3949,4486,3916,4051,3829,4138,2720,3554,3431,3386,,,,,,,,,,,2560,2560,2560,2542,2282,2222,2222,2012,1712,1712,,87
TX,,Howard Payne University,2,962,9000,8084,8894,8397,8625,7339,7025,6770,6490,7411,,,,,,,,,,,28090,27690,26630,25600,24600,23200,22560,21700,19950,18650,,98
TX,,Huston-Tillotson University,2,1119,4972,6240,6974,6675,7971,6933,6831,6514,6440,7331,,,,,,,,,,,14346,14346,14346,14346,13544,13494,13054,12430,12430,11434,,94
TX,,Interactive College of Technology,3,40,3909,3158,3245,3538,4392,5455,4665,4083,4354,5400,,,,,,,,,,,9530,9530,,,,,,,,,,91
TX,,Interactive College of Technology,3,16,4718,6108,2361,4136,1956,3232,4600,4114,4162,5400,,,,,,,,,,,9530,9530,,,,,,,,,,67
TX,,Interactive College of Technology,3,23,4051,5576,3816,5030,4620,4971,4997,4492,4485,5400,,,,,,,,,,,9530,9530,,,,,,,,,,100
TX,,International Beauty College,3,67,,,,,,,,,,,,,,,,,,,,,,,,,,,,,,,,44
TX,,International Business College-El Paso,3,138,,8739,152,3186,5977,6679,6679,4918,4415,6045,,,,,,,,,,,,,,,,,,,,,,
TX,,International Business College-El Paso,3,19,,7647,4577,8321,7363,6187,6187,5200,4625,5840,,,,,,,,,,,,,,,,,,,,,,
TX,,Jacksonville College-Main Campus,2,511,2847,2575,2850,2766,2332,3172,3667,3333,3667,2500,,,,,,,,,,,8000,8000,7900,7275,7275,7275,7200,7036,7036,6896,,96
TX,,Jarvis Christian College,2,964,5894,8475,5708,6734,6235,7770,6669,6909,8349,7201,,,,,,,,,,,11720,11720,11720,11720,11369,11369,11369,13374,11146,9608,,95
TX,,Jay's Technical Institute,3,116,9500,4396,4945,6180,4725,6218,5224,5982,7318,,,,,,,,,,,,,,,,,,,,,,,100
TX,,K & G 5 Star Barber College,3,20,4591,5385,5385,10000,9719,,,,,,,,,,,,,,,,,,,,,,,,,,,100
TX,,KD Conservatory College of Film and Dramatic Arts,3,111,6473,6700,7613,8026,7556,8258,8653,7677,11470,11024,,,,,,,,,,,16993,16625,16625,16625,16336,16387,15322,15200,15215,12600,,96
TX,,Kilgore College,1,5442,4636,5378,5725,4787,4765,4901,4672,4312,5345,4665,,,,,,,,,,,1896,1752,1632,1464,1392,1368,1368,1272,1176,1080,,74
TX,,Lamar Institute of Technology,1,3265,5922,5686,5551,4383,4075,4509,4492,4275,4602,4285,,,,,,,,,,,4743,4689,4534,4401,4220,4065,3915,3579,3422,3356,,65
TX,,Lamar State College-Orange,1,2350,5359,5658,5436,5431,5112,4344,4999,4388,5378,4981,,,,,,,,,,,4370,4288,4120,3950,3784,3496,3352,3208,3040,2872,,59
TX,,Lamar State College-Port Arthur,1,2441,2032,1839,1595,1406,2229,3261,6608,7543,5992,5530,,,,,,,,,,,6013,5924,5698,5533,5295,5091,5052,4955,4232,4112,,77
TX,,Lamar University,1,8904,6804,7013,7624,7402,6273,6294,6160,6522,6593,6490,,,,,,,,,,,8373,8314,8146,8002,7659,7429,8544,8076,6924,5850,,82
TX,,Lamson Institute,3,305,8565,8568,8262,8710,8314,7300,7967,6947,8513,8223,,,,,,,,,,,,,,,,,,,,,,59
TX,,Laredo Beauty College Inc,3,109,,,,,,,,,,,,,,,,,,,,,,,,,,,,,,,,92
TX,,Laredo CHI Academy Beauty School,3,66,,,8198,7218,5198,,,,,,,,,,,,,,,,,,,,,,,,,,,91
TX,,Laredo College,1,10181,1900,2695,2029,1574,1837,1416,1281,1762,2017,1761,,,,,,,,,,,3300,3300,3780,3410,3300,2700,2700,2316,2076,1626,,80
TX,,Lee College,1,7773,5534,6722,4874,2632,2940,3204,2975,4202,3989,2237,,,,,,,,,,,2043,1672,1672,1672,1566,1518,1470,1500,1086,1086,,56
TX,,LeTourneau University,2,2801,8629,7032,7887,6927,8396,6695,7097,10805,9206,7336,,,,,,,,,,,30210,29320,28480,27900,26910,25740,24540,23590,21980,20400,,100
TX,,Lincoln College of Technology-Grand Prairie,3,1096,9657,8750,8004,7736,7409,8903,10118,9800,8777,8138,,,,,,,,,,,,,,,,,,,19341,21731,,88
TX,,Lone Star College System,1,73499,3801,3726,3899,3955,4245,5780,5504,4702,5300,5544,,,,,,,,,,,1600,1600,1552,1504,1504,1408,1408,1408,1200,1200,,56
TX,,Lubbock Christian University,2,1439,12120,11647,11639,11144,8456,7272,7548,6904,7093,6418,,,,,,,,,,,22440,21794,21166,20360,19600,18740,17760,16870,16180,15280,,99
TX,,M T Training Center,3,176,6223,5189,5199,6371,6527,7702,,,,,,,,,,,,,,,,,,,,,,,,,,74
TX,,Manuel and Theresa's School of Hair Design,3,9,4412,5718,7808,,,,,,,,,,,,,,,,,,,,,,,,,,,,,100
TX,,Manuel and Theresa's School of Hair Design-Bryan,3,28,3343,3408,6430,5444,7681,6126,8305,8907,3395,3398,,,,,,,,,,,,,,,,,,,,,,100
TX,,Manuel and Theresa's School of Hair Design-Victoria,3,18,3884,4202,6723,8195,7589,8524,9529,8282,7306,,,,,,,,,,,,,,,,,,,,,,,100
TX,,McAllen Careers Institute,3,,8142,,,,,,,,,,,,,,,,,,,,,,,,,,,,,,,100
TX,,McLennan Community College,1,8955,3334,3677,3593,2881,3137,4942,4813,4765,4829,5057,,,,,,,,,,,3450,3450,2760,2760,2760,2760,2760,2568,2102,1752,,88
TX,,McMurry University,2,1128,6560,7502,7889,9371,7474,7220,8154,8053,7208,8104,,,,,,,,,,,27419,26887,26275,25763,25019,24296,23480,22045,20830,19355,,99
TX,,MediaTech Institute-Dallas,3,221,8950,8546,7422,10161,8936,7742,6452,5478,6663,,,,,,,,,,,,,,,,,,,,,,,81
TX,,MediaTech Institute-Houston,3,116,5964,5268,7554,7554,8850,10413,10067,8503,7519,,,,,,,,,,,,,,,,,,,,,,,88
TX,,Messenger College,2,45,6700,6083,5708,7318,5591,7835,7000,5000,4305,5832,,,,,,,,,,,9180,9120,9120,8756,8756,8006,8410,8390,8290,7930,,100
TX,,Miami International University of Art & Design-Art Institute Dallas,3,654,7843,7958,7526,7881,8414,8358,8218,7864,7895,10560,,,,,,,,,,,17568,17662,17664,17664,17668,17668,17868,17868,17618,28615,,92
TX,,Michael's Barber & Hair Stylist Academy,3,,,,,,,,,,,,,,,,,,,,,,,,,,,,,,,,,0
TX,,Mid Cities Barber College,3,24,,,,,,,,,,,,,,,,,,,,,,,,,,,,,,,,59
TX,,Midland College,1,5452,4399,3642,4699,4056,3066,2922,2134,1935,2116,3563,,,,,,,,,,,2670,2670,2580,1968,2970,2597,2490,2490,2220,2130,,73
TX,,Midwestern State University,1,5372,5833,5956,5799,5622,5813,6080,6145,5822,5516,5591,,,,,,,,,,,9233,8694,8620,8005,7753,7665,7632,5648,5470,5052,,93
TX,,Milan Institute of Cosmetology,3,79,6192,5918,5843,5869,5789,6037,6554,6863,7078,9421,,,,,,,,,,,,,,,,,,,,,,70
TX,,Milan Institute of Cosmetology-El Paso,3,276,5298,5136,5970,6072,6473,6606,6885,7099,5966,,,,,,,,,,,,,,,,,,,,,,,77
TX,,Milan Institute of Cosmetology-San Antonio Military,3,111,5969,5096,5742,5353,5369,5643,6522,6344,6421,9395,,,,,,,,,,,,,,,,,,,,,,87
TX,,Milan Institute-Amarillo,3,74,7097,5854,3826,6538,6033,6327,6840,6711,6443,7863,,,,,,,,,,,,,,,,,,,,,,77
TX,,Milan Institute-San Antonio Ingram,3,222,5752,5579,7226,5327,5289,5532,6052,6636,6076,5551,,,,,,,,,,,,,,,,,,,,,,75
TX,,Mission Beauty Institute,3,19,4701,3201,4826,2504,,,,,,,,,,,,,,,,,,,,,,,,,,,,33
TX,,Montana Barber Institute,3,,1554,,,,,,,,,,,,,,,,,,,,,,,,,,,,,,,36
TX,,Mountain View College,1,11619,3490,3749,4986,5070,4415,4512,4596,4287,4507,4067,,,,,,,,,,,1770,1770,1770,1770,1665,1560,1350,1350,1230,1230,,81
TX,,Mystros Barber Academy,2,7,6099,,,,,,,,,,,,,,,,,,,,,,,,,,,,,,,100
TX,,National American University-Austin,3,129,,6334,,,6268,,6333,7839,7771,8915,,,,,,,,,,,15000,15000,14223,13863,13503,12891,12459,12833,11755,11350,,
TX,,National American University-Career Point College Teachout Site,3,42,,,,,,,,,,,,,,,,,,,,,,,,,,,,,,,,
TX,,National American University-Georgetown,3,84,6500,9722,,,,9401,,,,,,,,,,,,,,,15000,15000,14223,13863,13503,12891,,,,,,100
TX,,National American University-Killeen,3,,,,,,,,,,,,,,,,,,,,,,15000,,,,,,,,,,,
TX,,National American University-Mesquite,3,180,4072,5500,,,,,,,,,,,,,,,,,,,15000,15000,14223,13863,13503,12891,12459,,,,,100
TX,,National American University-Richardson,3,,,,,,,,,,,,,,,,,,,,,,15000,15000,14223,13863,13503,12891,,,,,,
TX,,Natural Images Beauty College,3,56,8264,9200,7939,9198,,,,,,,,,,,,,,,,,,,,,,,,,,,,73
TX,,Navarro College,1,8601,5044,5101,5030,5113,5183,5552,5688,5404,5586,5389,,,,,,,,,,,2430,2400,2400,2218,1888,1702,1662,1632,1512,1482,,63
TX,,Neecee's Barber College,3,59,7340,7702,8236,7943,6750,,,,,,,,,,,,,,,,,,,,,,,,,,,93
TX,,Neilson Beauty College,3,31,,,,,,,,,,,,,,,,,,,,,,,,,,,,,,,,100
TX,,North American University,2,283,5126,5533,4991,4958,4973,5331,5789,5176,,,,,,,,,,,,,9900,9900,11900,11900,11900,11700,11700,10950,,,,96
TX,,North Central Texas College,1,10525,4337,4508,4723,3805,3260,3290,3477,3301,3181,3426,,,,,,,,,,,2184,2040,1824,1680,1440,1344,1224,1176,1104,1080,,62
TX,,North Lake College,1,11512,5138,4681,5459,4687,5052,4444,5675,5082,5541,5138,,,,,,,,,,,1770,1770,1770,1770,1665,1560,1350,1350,1230,1230,,61
TX,,Northeast Lakeview College,1,5510,4754,4408,,,,,,,,,,,,,,,,,,,2820,2760,2188,,,,,,,,,66
TX,,Northeast Texas Community College,1,3091,5531,5269,5838,5138,5554,6055,6081,5182,5532,2949,,,,,,,,,,,2849,2729,2682,2506,2446,1775,1740,1668,1620,1566,,85
TX,,Northwest Educational Center,3,234,,,706,800,850,850,850,,,,,,,,,,,,,,,,,,,,,,,,,100
TX,,Northwest Vista College,1,16293,4127,4497,4877,4939,4680,4543,4896,5145,4930,3694,,,,,,,,,,,2820,2760,2188,2088,2088,2038,2038,1952,1562,1562,,74
TX,,Nuvani Institute,3,17,3069,3258,2738,2302,2341,1984,2376,2260,2283,2450,,,,,,,,,,,,,,,,,,,,,,97
TX,,Nuvani Institute,3,46,2909,3515,2998,3516,3315,2770,3022,2589,2714,2717,,,,,,,,,,,,,,,,,,,,,,99
TX,,Oblate School of Theology,2,0,,,,,,,,,,,,,,,,,,,,,,,,,,,,,,,,
TX,,Ocean Corporation,3,136,8833,6836,8439,7883,7759,7390,7927,7990,8286,4436,,,,,,,,,,,,,,,,,,,,,,78
TX,,Odessa College,1,6602,4227,4078,4399,5650,4036,4920,4322,4432,4064,3800,,,,,,,,,,,2778,2778,2808,2580,2580,2460,2400,2280,1890,1452,,73
TX,,Ogle School Hair Skin Nails-Arlington,3,233,5666,4291,5231,5747,5804,5173,5274,4716,4233,7467,,,,,,,,,,,,,,,,,,,,,,83
TX,,Ogle School Hair Skin Nails-Dallas,3,305,512,4093,5226,5417,5038,4659,4920,4483,3981,7244,,,,,,,,,,,,,,,,,,,,,,84
TX,,Ogle School Hair Skin Nails-Denton,3,139,3059,4731,5379,5719,5165,5169,5514,5790,,,,,,,,,,,,,,,,,,,,,,,,77
TX,,Ogle School Hair Skin Nails-Ft Worth,3,279,5834,4709,5564,5773,5161,4906,5086,4130,4080,7033,,,,,,,,,,,,,,,,,,,,,,78
TX,,Ogle School Hair Skin Nails-Hurst,3,162,5580,4242,5615,5666,5498,5153,5434,4810,4364,6799,,,,,,,,,,,,,,,,,,,,,,78
TX,,Ogle School Hair Skin Nails-North Dallas,3,215,5514,4736,5294,5651,5587,5500,5570,5223,5199,,,,,,,,,,,,,,,,,,,,,,,80
TX,,Ogle School Hair Skin Nails-San Antonio,3,283,5695,4833,5478,5380,5836,5578,5055,6711,,,,,,,,,,,,,,,,,,,,,,,,79
TX,,Ogle School Hair Skin Nails-Stafford,3,373,5578,5065,5412,5855,6174,5081,,,,,,,,,,,,,,,,,,,,,,,,,,84
TX,,Our Lady of the Lake University,2,1419,5928,6065,6245,7084,6848,7531,6533,7207,5975,6889,,,,,,,,,,,28740,28192,27160,26148,24596,23938,23420,22756,21900,20824,,100
TX,,Palo Alto College,1,9852,4195,4141,4568,4168,5327,4038,3814,4749,4563,3536,,,,,,,,,,,2820,2760,2188,2088,2088,2038,2038,1952,1562,1562,,85
TX,,Panola College,1,2766,4669,4845,4582,4182,3971,4137,3013,2291,2561,,,,,,,,,,,,1920,1872,1824,1752,1680,1680,1608,1608,1464,1344,,83
TX,,Paris Junior College,1,4959,4478,,,,,,,5566,3133,3081,,,,,,,,,,,2400,2400,2250,1548,1548,1428,1356,1284,1164,1140,,85
TX,,Parker University,2,458,10127,7341,9189,7564,6738,4494,,,,,,,,,,,,,,,15564,15564,15276,15052,14650,15230,,,,,,89
TX,,Paul Mitchell the School-Arlington,3,328,7610,7840,7846,7389,8177,11907,11680,9359,,,,,,,,,,,,,,,,,,,,,,,,84
TX,,Paul Mitchell the School-Austin,3,140,7075,8413,8731,9439,9309,9861,9810,8200,8886,8706,,,,,,,,,,,,,,,,,,,,,,78
TX,,Paul Mitchell the School-Houston,3,471,10496,9738,9321,10855,11127,10781,10159,8686,9041,9128,,,,,,,,,,,,,,,,,,,,,,77
TX,,Paul Mitchell the School-San Antonio,3,272,7727,7274,7890,8771,8749,10456,10065,8560,8811,9252,,,,,,,,,,,,,,,,,,,,,,72
TX,,Paul Mitchell the School-Webster,3,152,8950,9513,8595,7868,,,,,,,,,,,,,,,,,,,,,,,,,,,,95
TX,,Paul Quinn College,2,550,2685,2561,4796,2127,5971,5858,8622,7937,4266,4462,,,,,,,,,,,8920,8495,8318,8275,13375,13525,12400,12350,12350,10650,,99
TX,,PCCenter,3,20,,9500,,9500,7422,3364,3206,3299,2596,6395,,,,,,,,,,,,,,,,,,,,,,
TX,,PCI Health Training Center,3,445,7352,7616,7641,7050,6501,6420,6630,6346,5824,5687,,,,,,,,,,,,,,,,,,,,,,88
TX,,Peloton College,3,160,5530,9131,7624,4332,4367,4536,5750,5786,6833,,,,,,,,,,,,13225,,,,,,,,,,,73
TX,,Peloton College,3,70,5591,8225,7885,,,,,,,,,,,,,,,,,,13225,12900,,,,,,,,,,69
TX,,Pima Medical Institute-El Paso,3,483,2629,5786,6572,8688,8050,,,,,,,,,,,,,,,,,,,,,,,,,,,62
TX,,Pima Medical Institute-Houston,3,784,3649,7103,7490,7555,7181,7417,6528,6501,5800,7800,,,,,,,,,,,,,,,,,,,,,,80
TX,,Pima Medical Institution-San Antonio,3,,,,,,,,,,,,,,,,,,,,,,,,,,,,,,,,,
TX,,Pipo Academy of Hair Design,3,30,,,,,,,,,8713,6531,,,,,,,,,,,,,,,,,,,,,,82
TX,,Platt College-Edge Tech Academy,3,22,9497,7337,,,,,,,,,,,,,,,,,,,,,,,,,,,,,,71
TX,,Platt College-STVT-Corpus Christi,3,389,9955,8815,10384,9488,9250,6419,4660,8400,8656,8456,,,,,,,,,,,,,,,,,,,,,,81
TX,,Platt College-STVT-McAllen,3,431,7062,6736,8025,7145,7854,5166,3884,9870,5978,6673,,,,,,,,,,,,,,,,,,,,,,94
TX,,Platt College-STVT-San Antonio,3,658,10817,9206,10576,8332,8894,6743,,,,,,,,,,,,,,,,,,,,,,,,,,81
TX,,Prairie View A & M University,1,8524,6187,5646,6022,5899,6401,6416,6888,6294,5936,6334,,,,,,,,,,,10533,9959,10059,9745,9461,6764,6404,6132,6856,6763,,91
TX,,Preparing People Barber Styling College,3,26,,9354,5202,4873,4700,4700,,,,,,,,,,,,,,,,,,,,,,,,,,
TX,,Professional Career Training Institute,3,88,,4183,3403,4035,4897,4498,7036,4760,5763,3575,,,,,,,,,,,,,,,,,,,,,,
TX,,Quest College,3,60,6111,5139,5415,5417,4458,4988,4986,5603,6472,6420,,,,,,,,,,,,,,,,,,,,,,87
TX,,Ranger College,1,2414,4642,5158,5176,4944,4604,4880,4910,4789,4721,3455,,,,,,,,,,,3065,3065,2590,2370,2370,2790,2250,2250,2140,2110,,83
TX,,Remington College-Dallas Campus,2,779,9075,9104,8477,8595,9486,9528,8963,8756,8340,6778,,,,,,,,,,,15898,15069,14953,14566,15995,15995,15995,14995,14745,13950,,89
TX,,Remington College-Fort Worth Campus,2,474,8587,8289,7574,7958,8794,10140,9486,9220,8616,7103,,,,,,,,,,,15802,15069,14953,14566,16380,16380,17189,16200,19950,19950,,82
TX,,Remington College-Houston Southeast Campus,2,324,8708,8683,7581,9158,9362,9583,8610,7627,8399,6716,,,,,,,,,,,15529,17327,14566,14566,16755,15995,15995,14995,14745,13950,,90
TX,,Remington College-North Houston Campus,2,448,8793,7575,6822,7628,9071,9174,9779,8667,7862,6371,,,,,,,,,,,15610,15069,14953,14566,15995,15995,15995,14995,14745,13950,,91
TX,,Rice University,2,3992,7188,7531,8364,7380,6957,7600,6233,6620,6738,5658,,,,,,,,,,,47350,45608,43918,42253,40566,38941,37292,35551,33771,32057,,69
TX,,Richland College,1,20032,5088,4836,5059,6022,4737,4449,4684,5464,6077,5360,,,,,,,,,,,1770,1770,1770,1770,1665,1560,1350,1350,1230,1230,,51
TX,,Rio Grande Valley College,3,626,7348,6811,6396,6740,7779,4686,5308,5612,,,,,,,,,,,,,,,,,,,,,,,,35
TX,,Saint Edward's University,2,3789,9678,9693,8810,8949,8770,8376,7886,8557,8978,8810,,,,,,,,,,,45428,43300,41178,38720,36550,33720,31110,28700,26484,24440,,97
TX,,Salon & Spa Institute,3,84,6168,4861,7798,4098,7484,9867,6136,4400,3676,3177,,,,,,,,,,,,,,,,,,,,,,98
TX,,Salon Boutique Academy,3,135,7980,7564,6177,4621,5422,,,,,,,,,,,,,,,,,,,,,,,,,,,79
TX,,Salon Professional Academy of San Antonio,3,55,7680,6122,,,,,,,,,,,,,,,,,,,,,,,,,,,,,,54
TX,,Sam Houston State University,1,18498,5903,5925,6005,5790,6395,6453,6446,6080,5585,5858,,,,,,,,,,,8296,8062,7762,7618,7294,7022,6608,5972,5704,6515,,86
TX,,San Antonio College,1,17573,5619,5517,5378,4993,4862,5103,5120,5379,5154,4429,,,,,,,,,,,2820,2760,2188,2088,2088,2038,2038,1952,1562,1562,,78
TX,,San Jacinto Community College,1,32137,3524,2990,3311,3574,3655,3469,3273,3431,3238,3105,,,,,,,,,,,1548,1500,1500,1408,1408,1312,1312,1182,1470,1250,,51
TX,,School of Automotive Machinists & Technology,3,182,5223,6195,5313,6903,7190,7596,7871,6436,7587,6858,,,,,,,,,,,,,,,,,,,,,,71
TX,,Schreiner University,2,1319,9958,11011,8309,9541,7390,7261,7555,7354,6578,8235,,,,,,,,,,,27960,26900,25750,25086,24360,22484,21540,20355,19548,18731,,97
TX,,Sebring Career Schools-Houston,3,115,3500,,,,,,,,5500,,,,,,,,,,,,,,,,,,,,,,,38
TX,,Sebring Career Schools-Huntsville,3,31,5507,5816,4972,5600,5472,2800,2884,2662,3007,2590,,,,,,,,,,,,,,,,,,,,,,95
TX,,Seguin Beauty School-New Braunfels,3,22,7202,8833,9178,8359,7455,7804,6000,6992,3733,5185,,,,,,,,,,,,,,,,,,,,,,83
TX,,Seguin Beauty School-Seguin,3,22,10027,8348,9180,6962,8092,6982,6113,7344,3053,7081,,,,,,,,,,,,,,,,,,,,,,79
TX,,South Plains College,1,9310,5077,4855,5242,4469,5005,5165,3894,4855,3590,4297,,,,,,,,,,,2240,2240,2240,2240,2584,2497,2114,1924,1468,1444,,82
TX,,South Texas Barber College Inc,3,44,,,,,,,,,,,,,,,,,,,,,,,,,,,,,,,,66
TX,,South Texas College,1,31949,1845,1925,1557,1575,1279,1167,786,1122,837,738,,,,,,,,,,,3780,3720,3606,3486,3306,3246,5160,5160,2364,2148,,89
TX,,South Texas College of Law Houston,2,0,,,,,,,,,,,,,,,,,,,,,,,,,,,,,,,,
TX,,South Texas Training Center,3,75,3151,4000,4000,5882,7808,7742,7742,2950,125,950,,,,,,,,,,,10695,10695,10695,10000,10000,8400,8400,5080,5080,5080,,90
TX,,South Texas Vocational Technical Institute-Brownsville,3,326,6541,6183,8721,6735,6785,5720,3761,7617,5374,7873,,,,,,,,,,,,,,,,,,,,,,63
TX,,South Texas Vocational Technical Institute-Weslaco,3,458,7933,8478,9887,5816,6602,5135,3622,7947,6388,7410,,,,,,,,,,,,,,,,,,,,,,82
TX,,South University-Austin,3,302,,8357,5861,5277,5467,6500,7348,,,,,,,,,,,,,,17014,17014,17358,16761,16360,16360,16360,,,,,100
TX,,Southeast Texas Career Institute,3,89,3917,6105,5349,5915,5573,5312,5094,5869,4964,6027,,,,,,,,,,,,,,,,,,,,,,85
TX,,Southern Careers Institute-Austin,3,596,4440,4677,4448,4705,8024,6965,7848,5265,5081,3726,,,,,,,,,,,,,,,,,,,,,,88
TX,,Southern Careers Institute-Brownsville,3,362,5368,5933,5579,5162,7856,6757,7448,7008,3219,433,,,,,,,,,,,,,,,,,,,,,,88
TX,,Southern Careers Institute-Corpus Christi,3,353,5230,5530,5251,5060,6420,7025,8220,4898,4260,1093,,,,,,,,,,,,,,,,,,,,,,87
TX,,Southern Careers Institute-Harlingen,3,333,5477,5837,4937,5418,8544,7243,8608,8484,5112,787,,,,,,,,,,,,,,,,,,,,,,87
TX,,Southern Careers Institute-Pharr,3,472,5627,5346,5058,5474,8268,7059,8122,3552,4264,1249,,,,,,,,,,,,,,,,,,,,,,89
TX,,Southern Careers Institute-San Antonio,3,412,5083,5169,4649,5037,7004,5765,9800,5344,4845,869,,,,,,,,,,,,,,,,,,,,,,88
TX,,Southern Careers Institute-San Antonio,3,520,5013,5306,3697,5318,8331,8149,8718,,,,,,,,,,,,,,,,,,,,,,,,,91
TX,,Southern Careers Institute-Waco,3,,4750,,,,,,,,,,,,,,,,,,,,,,,,,,,,,,,80
TX,,Southern Methodist University,2,6479,11950,9927,10162,8606,10785,8988,7948,7747,7693,7334,,,,,,,,,,,54492,52498,50358,48190,45940,43800,41750,39430,37230,35160,,82
TX,,Southern Texas Careers Academy,3,,,4542,3346,3835,3500,3484,8000,,,,,,,,,,,,,,,,,,,,,,,,,0
TX,,Southwest Collegiate Institute for the Deaf,1,87,7917,7422,,4274,2750,4042,4826,6080,6509,4158,,,,,,,,,,,2560,2560,2560,2542,2282,2222,2222,2012,1712,1712,,100
TX,,Southwest School of Business and Technical Careers-San Antonio,3,39,4835,3817,3708,3775,3361,3589,3693,3707,3945,3790,,,,,,,,,,,,,,,,,,,,,,91
TX,,Southwest Texas Junior College,1,6894,4681,4228,4560,4213,4235,4567,4278,4969,5057,4377,,,,,,,,,,,2382,2286,2116,2116,2020,1996,1960,1960,1670,1670,,84
TX,,Southwest University at El Paso,3,1481,10521,10342,9874,9072,9363,7989,9404,7700,8047,7808,,,,,,,,,,,15500,15000,15000,15000,14300,14300,13000,13000,12500,11000,,99
TX,,Southwestern Adventist University,2,860,7075,5722,6142,6202,6608,6068,5651,5173,6988,6362,,,,,,,,,,,21564,20732,20276,19916,19460,18640,17800,17080,16456,16216,,99
TX,,Southwestern Assemblies of God University,2,1692,6141,6822,7213,6433,7708,7003,6689,6294,6313,7195,,,,,,,,,,,19582,19994,19560,19180,18580,17830,16630,15730,14830,13780,,98
TX,,Southwestern Baptist Theological Seminary,2,,4841,,,,,,,,,,,,,,,,,,,,,,,,,,,,,,,79
TX,,Southwestern Christian College,2,87,3024,5945,5352,2665,2310,2495,4502,2556,3000,3821,,,,,,,,,,,8131,8136,8136,7764,7764,7620,7504,6910,6185,6185,,100
TX,,Southwestern University,2,1434,7672,7885,8375,8002,9094,8738,8147,8290,7454,7945,,,,,,,,,,,42000,40560,39060,37560,36120,35240,34410,33440,31630,30220,,100
TX,,St Philip's College,1,11590,5313,4756,4991,5066,5988,6072,5770,6636,5435,4259,,,,,,,,,,,2820,2760,2188,2088,2088,2038,2038,1952,1562,1562,,86
TX,,St. Mary's University,2,2373,7742,7816,8016,6772,7989,8217,6796,6986,7304,6371,,,,,,,,,,,30650,29300,28200,27160,26186,25126,24226,23426,22576,21876,,100
TX,,Star College of Cosmetology 2,3,63,,3692,3851,3967,4421,3743,2902,3024,3453,3035,,,,,,,,,,,,,,,,,,,,,,
TX,,Stephen F Austin State University,1,11398,6584,6355,6380,6432,6848,7032,7128,6682,6173,7758,,,,,,,,,,,8316,7716,7716,7560,8892,8412,7928,7344,6998,6732,,86
TX,,Strand Institute of Beauty & Esthetics,3,11,3934,9348,,,,,,,,,,,,,,,,,,,,,,,,,,,,,,73
TX,,Strayer University-Texas,3,2084,6268,11177,8718,7151,5597,9731,5377,,11316,,,,,,,,,,,,13380,13857,12975,12975,12975,15495,14985,14805,14085,,,50
TX,,Sul Ross State University,1,2137,6233,6030,6020,5697,6283,6368,6019,5709,4627,5359,,,,,,,,,,,6816,8072,6419,5927,5676,5436,4764,4764,4568,4396,,91
TX,,Tarleton State University,1,11315,10302,9885,9016,8415,8254,9624,8851,4477,5008,4831,,,,,,,,,,,7292,7367,7140,6630,6516,5856,5522,5281,5195,4909,,87
TX,,Tarrant County College District,1,51100,5271,4858,5182,3635,3482,3575,3827,3690,3487,3477,,,,,,,,,,,1661,1593,1416,1320,1320,1320,1296,1224,1200,1200,,62
TX,,Temple College,1,4911,3955,4316,4860,4678,4998,5848,5618,5912,5503,4718,,,,,,,,,,,2376,2328,2136,2268,2160,2160,2160,2112,1920,1800,,78
TX,,Texarkana College,1,4239,5613,5487,4992,5786,5726,5755,4900,,,,,,,,,,,,,,2236,2116,2116,1952,1880,2330,2260,1808,1690,1326,,87
TX,,Texas A & M International University,1,6992,4014,3958,4195,4164,4167,4151,3751,3935,4535,2053,,,,,,,,,,,7176,7143,7016,6635,6453,5818,5714,5409,5105,4739,,97
TX,,Texas A & M University-College Station,1,53743,7046,6863,7033,6641,6675,6037,6122,5929,8844,6988,,,,,,,,,,,11870,11234,11036,10176,9685,8506,8506,8421,8387,8176,,76
TX,,Texas A & M University-Commerce,1,8270,6065,5661,5746,5799,6823,6275,6193,5894,6243,6196,,,,,,,,,,,8748,8434,7750,6202,5892,6583,6583,6283,5998,5500,,91
TX,,Texas A & M University-Corpus Christi,1,9776,6108,6096,6139,6195,6284,6894,6420,6412,6115,6055,,,,,,,,,,,9055,8750,8424,7976,7655,7172,7084,6594,6294,5618,,71
TX,,Texas A & M University-Kingsville,1,6976,7212,7851,7974,6781,5692,6179,5840,6007,4668,5034,,,,,,,,,,,8922,8462,8049,7700,7554,6940,6940,6640,6346,4386,,88
TX,,Texas A & M University-System Office,1,,,,,,,,,,,,,,,,,,,,,,,,,,,,,,,,,
TX,,Texas A&M University-Central Texas,1,1913,,,,,,,,,,,,,,,,,,,,,,,,,,,,,,,,
TX,,Texas A&M University-San Antonio,1,5703,6392,6354,4817,,,,,,,,,,,,,,,,,,8656,8216,6562,,,,,,,,,86
TX,,Texas A&M University-Texarkana,1,1699,7077,6239,7118,6599,5928,5241,4579,4544,4631,,,,,,,,,,,,7363,6963,6840,6411,6059,5578,5328,4974,4467,,,91
TX,,Texas Barber College,3,677,6724,8352,9488,7384,7261,7267,6770,7259,7885,6756,,,,,,,,,,,,,,,,,,,,,,95
TX,,Texas Beauty College,3,70,,,,,,,,,,,,,,,,,,,,,,,,,,,,,,,,100
TX,,Texas Chiropractic College Foundation Inc,2,0,,,,,,,,,,,,,,,,,,,,,,,,,,,,,,,,
TX,,Texas Christian University,2,9445,12663,14443,14693,13175,12895,12707,10389,7839,8257,9439,,,,,,,,,,,46950,44760,42670,40720,38600,36590,34590,32490,30090,28298,,83
TX,,Texas College,2,1042,6722,6561,5406,5565,6353,5872,3664,6269,6837,6392,,,,,,,,,,,10008,10008,10008,10008,10008,10008,9682,9682,9482,9490,,78
TX,,Texas College of Cosmetology-Abilene,3,72,,,,,,,,4000,1661,1272,,,,,,,,,,,,,,,,,,,,,,90
TX,,Texas College of Cosmetology-Lubbock,3,71,,,,,,,,,,,,,,,,,,,,,,,,,,,,,,,,68
TX,,Texas College of Cosmetology-San Angelo,3,67,,,,,,,,,,,,,,,,,,,,,,,,,,,,,,,,91
TX,,Texas Health and Science University,3,4,,,,,,,,,,,,,,,,,,,,,,,,,,,,,,,,
TX,,Texas Health School,3,139,6861,7880,6961,6921,6687,6510,6641,4904,3322,2957,,,,,,,,,,,,,,,,,,,,,,30
TX,,Texas Healthtech Institute,3,,,,,,,,,,,,,,,,,,,,,,,,,,,,,,,,,0
TX,,Texas Lutheran University,2,1411,7482,6808,8528,6274,7926,7454,7555,6820,7267,7434,,,,,,,,,,,29960,29960,28910,27900,26800,25890,24990,23930,22890,21910,,100
TX,,Texas Southern University,1,7604,6567,6512,6303,6136,6705,6647,7214,6718,8387,7808,,,,,,,,,,,9173,9173,9000,8726,8126,7946,7646,7442,7360,6401,,95
TX,,Texas Southmost College,1,7130,4085,4040,4132,4208,3377,3907,3727,3679,3584,4070,,,,,,,,,,,3198,3198,3198,3198,5282,5372,5488,5352,5109,4872,,90
TX,,Texas State Technical College,1,12445,4528,5026,4800,5920,5960,,,,,,,,,,,,,,,,5570,5123,4665,4386,,,,,,,,82
TX,,Texas State University,1,34187,6018,5882,5883,5995,6060,6090,6403,6262,5969,5459,,,,,,,,,,,10280,9985,9605,9348,8950,8060,7732,7264,6458,6168,,76
TX,,Texas Tech University,1,31957,8661,8237,8163,8102,8550,7495,7700,7418,9085,8565,,,,,,,,,,,9080,8860,8428,8028,7811,7517,7517,7380,6970,6210,,78
TX,,Texas Tech University Health Sciences Center,1,1520,,,,,,,,,,,,,,,,,,,,,,,,,,,,,,,,
TX,,Texas Tech University Health Sciences Center-El Paso,1,264,,,,,,,,,,,,,,,,,,,,,,,,,,,,,,,,
TX,,Texas Tech University System Administration,1,,,,,,,,,,,,,,,,,,,,,,,,,,,,,,,,,
TX,,Texas Wesleyan University,2,1456,9025,6129,7453,7147,9427,10020,7368,8857,8843,7080,,,,,,,,,,,30300,27800,26050,24454,23144,22040,20840,19760,18710,17760,,100
TX,,Texas Woman's University,1,10388,5566,5458,5351,5282,5314,5206,5573,5738,5945,5085,,,,,,,,,,,7796,7486,7238,6948,7836,7339,7050,5429,5428,5046,,93
TX,,The Art Institute of Austin,3,546,7704,7339,6149,6810,7342,8620,8273,7525,7198,10093,,,,,,,,,,,17568,17662,17664,17664,17668,17668,17808,17768,17568,23052,,92
TX,,The Art Institute of Houston,3,947,8227,7911,7360,6199,7932,7920,8708,7799,8442,10089,,,,,,,,,,,17568,17662,17664,17664,17668,17668,17868,17868,17618,22804,,89
TX,,The Art Institute of San Antonio,3,671,8877,7621,6033,6442,8454,8937,7701,7876,11514,,,,,,,,,,,,17568,17662,17664,17664,17668,17668,17868,17868,17618,,,90
TX,,The College of Health Care Professions-Austin,3,435,6338,6437,6805,6399,5992,6728,6768,8200,8089,6228,,,,,,,,,,,,,,,,,,,,,,85
TX,,The College of Health Care Professions-Dallas,3,85,5814,5327,7952,7127,6021,5979,5994,,,,,,,,,,,,,,,,,,,,,,,,,86
TX,,The College of Health Care Professions-Fort Worth,3,509,6284,6517,6829,6980,6083,6942,5029,,,,,,,,,,,,,,,,,,,,,,,,,83
TX,,The College of Health Care Professions-McAllen Campus,3,432,6429,6891,6965,582,,,,,,,,,,,,,,,,,,,,,,,,,,,,89
TX,,The College of Health Care Professions-Northwest,3,1552,6405,6850,7539,7404,5970,6899,6579,8641,8956,6086,,,,,,,,,,,,,,,,,,,,,,82
TX,,The College of Health Care Professions-San Antonio,3,321,7545,7452,7281,7927,6556,7885,7027,7148,7428,6709,,,,,,,,,,,,,,,,,,,,,,81
TX,,The College of Health Care Professions-South San Antonio,3,143,5929,4584,,,,,,,,,,,,,,,,,,,,,,,,,,,,,,97
TX,,The College of Health Care Professions-Southwest Houston,3,600,6069,6735,6646,6773,5929,5940,7453,6350,6428,6439,,,,,,,,,,,,,,,,,,,,13213,,81
TX,,The Culinary School of Fort Worth,3,32,11169,,,,,,,,,,,,,,,,,,,,,,,,,,,,,,,60
TX,,The Healthcare Institute,3,82,5876,7813,6732,8000,,,,,,,,,,,,,,,,,,,,,,,,,,,,62
TX,,The King's University,2,362,5854,8027,5500,5125,5250,5459,4736,5500,8400,9387,,,,,,,,,,,15000,14400,13650,12990,12390,11475,10755,10080,9600,9150,,89
TX,,The Recording Conservatory of Austin,3,41,18675,15865,9377,11188,20584,,,,,,,,,,,,,,,,,,,,,,,,,,,30
TX,,The Salon Professional Academy-Georgetown,3,37,5614,,,,,,,,,,,,,,,,,,,,,,,,,,,,,,,88
TX,,The Salon Professional Academy-Lewisville,3,109,6120,6013,6910,7144,6897,7255,7489,7212,3651,,,,,,,,,,,,,,,,,,,,,,,64
TX,,The University of Texas at Arlington,1,34472,5886,5511,6766,5790,5916,5948,5992,5552,5343,5648,,,,,,,,,,,10496,9952,9616,9208,8878,8878,8878,8878,8500,8186,,90
TX,,The University of Texas at Austin,1,40804,4131,5233,5887,5912,6354,5650,5986,5957,6109,5048,,,,,,,,,,,10610,10398,10092,9806,9830,9798,9790,9794,9416,8936,,67
TX,,The University of Texas at Dallas,1,19872,6546,6417,6314,6567,6604,6137,5696,5723,5982,5510,,,,,,,,,,,13034,11528,11192,10864,10864,10864,10666,10276,9886,9510,,78
TX,,The University of Texas at El Paso,1,21464,4674,4465,4444,4395,4867,4422,4534,4021,3694,5187,,,,,,,,,,,8198,7851,7548,7259,7259,7255,7214,7065,6731,6223,,86
TX,,The University of Texas at San Antonio,1,27988,6082,6633,6037,6044,5955,6533,6265,5883,5931,6340,,,,,,,,,,,8049,7969,7700,7447,7457,7457,7389,7042,6718,6417,,83
TX,,The University of Texas at Tyler,1,7333,5627,5624,5501,5111,6063,5543,5429,4734,5690,5173,,,,,,,,,,,8292,7822,7602,7312,7312,7222,7222,6592,6322,6042,,85
TX,,The University of Texas Health Science Center at Houston,1,717,,,,,,,,,,,,,,,,,,,,,,,,,,,,,,,,
TX,,The University of Texas Health Science Center at San Antonio,1,774,,,,,,,,,,,,,,,,,,,,,,,,,,,7244,6944,4979,4481,,
TX,,The University of Texas MD Anderson Cancer Center,1,356,,,,,,,,,,,,,,,,,,,,,,,,,,,,,,,,
TX,,The University of Texas Medical Branch at Galveston,1,753,,,,,,,,,,,,,,,,,,,,,,,,,,,,,,,,
TX,,The University of Texas of the Permian Basin,1,4744,5510,5522,3316,3446,4064,4144,4304,4072,3414,4030,,,,,,,,,,,6260,5782,5774,5250,5250,5250,5250,5124,4900,4502,,91
TX,,The University of Texas Rio Grande Valley,1,24678,4086,3790,3841,3828,3958,3831,3828,4043,3804,4363,,,,,,,,,,,7813,7587,7438,7292,5173,5173,5165,5034,4795,4561,,90
TX,,The University of Texas System Office,1,,,,,,,,,,,,,,,,,,,,,,,,,,,,,,,,,
TX,,The Vocational Nursing Institute Inc,2,11,9500,7100,9500,12122,28441,,,,,,,,,,,,,,,,,,,,,,,,,,,67
TX,,Tint School of Makeup and Cosmetology-Dallas,3,172,5196,4725,4918,7123,4893,4886,2155,1992,6802,3356,,,,,,,,,,,,,,,,,,,,,,76
TX,,Tint School of Makeup and Cosmetology-Irving,3,135,6192,5980,5845,6491,4648,4504,2305,3041,2758,2467,,,,,,,,,,,,,,,,,,,,,,90
TX,,Toni & Guy Hairdressing Academy-Plano,3,169,7301,7517,7687,8200,7892,10885,11988,12455,10457,9008,,,,,,,,,,,,,,,,,,,,,,70
TX,,Tonsorial Arts Barber College,3,,,,,,,,,,,,,,,,,,,,,,,,,,,,,,,,,0
TX,,Total Transformation Institute of Cosmetology,3,35,5483,4375,4298,4891,5375,5421,,,,,,,,,,,,,,,,,,,,,,,,,,88
TX,,Trend Barber College,3,100,7724,10250,6539,3792,7681,10732,4291,3662,4472,4490,,,,,,,,,,,,,,,,,,,,,,100
TX,,Trend Barber College,3,92,6949,11000,8107,2500,2602,,,,,,,,,,,,,,,,,,,,,,,,,,,95
TX,,Tri-State Cosmetology Institute,3,159,4708,4884,5441,6302,5899,6460,5117,4422,2013,2007,,,,,,,,,,,,,,,,,,,,,,92
TX,,Trinity University,2,2474,9651,7950,8316,9197,8395,8725,10071,9929,7398,9411,,,,,,,,,,,42976,41344,39560,37856,36214,34678,32868,31356,30015,28452,,99
TX,,Trinity Valley Community College,1,4245,4977,4839,4574,4819,4432,4470,4729,4259,4298,4617,,,,,,,,,,,2640,2460,2460,2340,2220,2160,2100,1920,1600,1344,,82
TX,,Tulsa Welding School-Houston,3,1418,6934,6549,7010,6540,5857,,,,,,,,,,,,,,,,,,,,,,,,,,,91
TX,,Tyler Junior College,1,10106,5105,5165,5177,5424,5297,5674,5626,5393,5201,5566,,,,,,,,,,,2962,2784,2634,2410,2352,2352,2262,2262,2000,1912,,76
TX,,UCAS Univeristy of Cosmetology Arts & Sciences-La Joya,3,60,4383,5347,3866,5953,4063,4871,4245,3651,,,,,,,,,,,,,,,,,,,,,,,,100
TX,,UCAS University of Cosemtology Arts & Sciences-McAllen,3,156,5566,4698,4186,4037,5993,4240,4360,4962,5310,6134,,,,,,,,,,,,,,,,,,,,,,87
TX,,UCAS University of Cosmetology Arts & Sciences,3,26,,,,,,1855,4512,4618,3895,5688,,,,,,,,,,,,,,,,,,,,,,
TX,,UCAS University of Cosmetology Arts & Sciences-Harlingen,3,105,3492,3203,3476,3476,4270,4994,6051,4995,5429,6798,,,,,,,,,,,,,,,,,,,,,,100
TX,,UCAS University of Cosmetology Arts & Sciences-San Antonio 410,3,60,2330,3727,3310,3018,2880,5228,,4126,6400,5763,,,,,,,,,,,,,,,,,,,,,,100
TX,,Universal Technical Institute of Texas Inc.,3,1426,7740,8280,8494,8536,8284,9243,8803,7864,7677,9018,,,,,,,,,,,,,,,,,,,,,,96
TX,,Universal Technical Institute-Dallas Fort Worth,3,1266,8696,8885,9242,8513,9918,10234,10144,9649,,,,,,,,,,,,,,,,,,,,,,,,94
TX,,University of Dallas,2,1471,7942,7915,7987,8436,7872,8392,8308,7373,6295,7456,,,,,,,,,,,40652,38716,37230,35800,34430,33110,31070,31150,29530,26294,,99
TX,,University of Houston,1,38348,6420,6369,6463,6181,6618,6131,6164,5776,6585,6171,,,,,,,,,,,8913,9706,9519,8759,8605,8401,8094,7513,7342,6921,,87
TX,,University of Houston-Clear Lake,1,6212,4851,4989,4909,4514,4415,,,,,,,,,,,,,,,,7002,6718,6502,5802,5802,,,,,,,64
TX,,University of Houston-Downtown,1,12680,4418,4323,4245,4794,4746,4830,4583,5029,2309,1942,,,,,,,,,,,6500,6470,5978,5780,5516,5238,5022,4786,4604,4392,,83
TX,,University of Houston-System Administration,1,,,,,,,,,,,,,,,,,,,,,,,,,,,,,,,,,
TX,,University of Houston-Victoria,1,3251,5260,5085,5235,5156,5393,5734,5242,5126,4356,,,,,,,,,,,,6491,6805,7369,7086,6748,6248,6116,5830,5604,,,94
TX,,University of Mary Hardin-Baylor,2,3397,6861,7174,7505,6704,7794,7283,8272,6940,6653,9315,,,,,,,,,,,28650,27600,26550,26100,25650,25200,24150,22950,21600,20650,,95
TX,,University of North Texas,1,31375,6058,5744,5815,5606,5895,5810,5773,5649,5344,5987,,,,,,,,,,,10852,10544,10153,9730,9346,8745,8357,7989,7306,7001,,82
TX,,University of North Texas at Dallas,1,2949,4414,4804,4554,4504,6196,4205,,,,,,,,,,,,,,,9139,7848,7848,7650,7650,,,,,,,96
TX,,University of North Texas Health Science Center,1,0,,,,,,,,,,,,,,,,,,,,,,,,,,,,,,,,
TX,,University of North Texas System,1,,,,,,,,,,,,,,,,,,,,,,,,,,,,,,,,,
TX,,University of Phoenix-Texas,3,744,6373,7787,9184,8913,8218,8465,,,,,,,,,,,,,,,9552,9940,9749,9834,10461,,,,,,,50
TX,,University of St Thomas,2,1978,5764,5713,5591,7158,7189,6187,6519,5877,6797,6679,,,,,,,,,,,33580,32660,31520,30310,29440,28240,26890,25300,23500,21830,,96
TX,,University of Texas Health Science Center at Tyler,1,0,,,,,,,,,,,,,,,,,,,,,,,,,,,,,,,,
TX,,University of Texas Southwestern Medical Center,1,0,,,,,,,,,,,,,,,,,,,,,,,,,,,,,,,,
TX,,University of the Incarnate Word,2,5558,7438,4760,6947,6975,7647,9935,7141,6885,6736,7573,,,,,,,,,,,31484,29990,28898,27798,26490,24790,23690,22790,21890,21290,,99
TX,,Valley Grande Institute for Academic Studies,2,249,6413,6797,6069,5435,8144,4836,5254,6217,6972,7134,,,,,,,,,,,,,,,,,,,,,,76
TX,,Vernon College,1,3054,4222,4736,4981,4823,4886,5005,4906,5215,4936,5318,,,,,,,,,,,3080,3300,3150,2940,2940,2940,2880,2730,2610,2490,,88
TX,,Vet Tech Institute of Houston,3,176,7235,7046,7060,8215,8998,8302,8858,8368,7902,9650,,,,,,,,,,,14700,14640,14320,14200,14120,13570,13430,13430,13530,13330,,90
TX,,Victoria Beauty College Inc,3,93,4349,3699,4413,2346,2462,2290,2984,1615,1429,1500,,,,,,,,,,,,,,,,,,,,,,100
TX,,Victoria College,1,3860,4341,4934,6080,4428,4935,5622,5319,5928,5390,6051,,,,,,,,,,,2232,2640,2640,2640,2640,2490,2400,2400,2130,2070,,79
TX,,Vista College,3,3500,10771,9758,11623,9853,9242,8465,11056,10997,8442,6686,,,,,,,,,,,15680,14450,15550,15760,15425,14725,18050,17762,18563,18563,,27
TX,,Vista College-Online,3,768,7171,8467,10174,9169,7543,8187,5980,7887,6890,6912,,,,,,,,,,,,,,,,,,,,,,85
TX,,Vogue College of Cosmetology,3,100,3960,5473,5042,4852,4669,5532,5101,4557,,,,,,,,,,,,,,,,,,,,,,,,100
TX,,Vogue College of Cosmetology-McAllen,3,317,5909,4571,5418,5500,3990,3345,5402,6997,,,,,,,,,,,,,,,,,,,,,,,,92
TX,,Vogue College of Cosmetology-San Antonio Fredericksburg,3,150,5463,5192,3257,3783,4416,4748,5519,4745,,,,,,,,,,,,,,,,,,,,,,,,88
TX,,Vogue International Academy,3,4,,,,,,,,,,,,,,,,,,,,,,,,,,,,,,,,0
TX,,Wade College,3,165,6822,7249,9399,9084,9624,8601,11812,8350,7090,6551,,,,,,,,,,,13989,13654,13675,13310,13055,12695,12163,12510,11495,10295,,93
TX,,Wade Gordon Hairdressing Academy,3,86,6332,9269,8420,8789,10075,10320,10114,7500,,,,,,,,,,,,,,,,,,,,,,,,94
TX,,Wade Gordon Hairdressing Academy,3,34,11945,9375,,,,,,,,,,,,,,,,,,,,,,,,,,,,,,85
TX,,Wade Gordon Hairdressing Academy-Lubbock,3,58,7004,9806,9872,9965,9500,,,,,,,,,,,,,,,,,,,,,,,,,,,80
TX,,Wayland Baptist University,2,3356,10285,9274,8009,8053,6920,5824,6070,6320,4568,3825,,,,,,,,,,,20070,18510,15060,13680,12960,12550,11900,11320,10796,10316,,94
TX,,Weatherford College,1,6389,4125,4619,4858,4745,4565,4867,4454,4723,4746,5089,,,,,,,,,,,2550,2440,2440,2400,2400,2280,2170,2170,1990,1870,,72
TX,,West Coast University-Dallas,3,792,8142,,15000,,5500,17151,8248,,,,,,,,,,,,,,26635,26435,25935,25935,25425,24675,24675,,,,,100
TX,,West Texas A & M University,1,7376,6844,5625,5569,5825,5813,5655,5561,6207,6384,5731,,,,,,,,,,,7935,7846,7699,7041,6782,6500,6308,6008,5834,5494,,90
TX,,Western Technical College,3,495,2763,3332,7234,7039,5866,4889,5079,5927,6519,3571,,,,,,,,,,,,,,,,,,,,,,91
TX,,Western Technical College,3,1162,6100,6496,8308,7889,8266,7300,4702,4960,4134,4134,,,,,,,,,,,,,,,,,,,,,,84
TX,,Western Texas College,1,2179,4787,4224,4699,4337,4967,4578,4174,4397,4417,4359,,,,,,,,,,,2790,2700,2018,1898,1898,1898,1898,1898,1728,1656,,47
TX,,Wharton County Junior College,1,6768,4828,4992,5194,4885,4772,5081,5031,5140,4702,4738,,,,,,,,,,,2352,2342,2222,2222,2222,2112,2064,2064,1776,1536,,55
TX,,Wiley College,2,1003,3124,6189,6978,8077,6525,6736,7723,6529,6528,7351,,,,,,,,,,,12306,12306,12064,11828,11482,11382,11382,11050,11050,9970,,100
TX,,William Edge Institute,3,37,,,,,,,,,,,,,,,,,,,,,,,,,,,,,,,,66
TX,,Yahweh Beauty Academy,3,38,,,,,,,,,,,,,,,,,,,,,,,,,,,,,,,,83
